{"credibility":false,"eventResource":[{"Text":{"credibility":true,"lastUpdate":null,"url":"","creator":"","content":"\"I #diritti fondamentali sono a presidio della vita che in nessuna sua manifestazione può essere attratta nel mondo delle merci.\" #Rodota","id":0,"resourceStatus":{"id":"","description":"","name":""},"title":"Twitter","source":[{"HumanSource":{"id":0,"lastName":"TwtSaluToni","description":"","reputation":"","name":"@TwtSaluToni","userName":"TwtSaluToni","firstName":"TwtSaluToni","urlSocialMedia":"https:\/\/twitter.com\/TwtSaluToni"}}],"description":null,"textName":"null","createDate":"Tue May 12 21:39:24 +0200 2015","publishDate":null,"resourceCategories":[]}}],"eventTag":[],"classified":[{"id":0,"description":"","name":"Assembramento","uri":"http:\/\/secure.eng.it\/ontologySecure\/category.owl#Assembramento"}],"severity":"high","entities":[],"related":[],"country":"","id":0,"administrative_area_level_2":"","administrative_area_level_1":"","description":"EVENTO COMPLESSO GENERATO DA: Evento prodotto dall'analisi dei tweets;","route":"","postal_code":0,"locality":"","radius":0.0,"street_number":0,"longitude":0.0,"latitude":0.0,"atTime":1432203393000,"circa":1432203393000}