{"credibility":false,"eventResource":[{"Text":{"credibility":true,"lastUpdate":null,"url":"","creator":"","content":"#terremoto  di magnitudo 8,5 scuote il #Giappone http:\/\/t.co\/ulWPP2j4jp via @la_stampa","id":0,"resourceStatus":{"id":"","description":"","name":""},"title":"Twitter","source":[{"HumanSource":{"id":0,"lastName":"eudesign","description":"","reputation":"","name":"@eudesign","userName":"eudesign","firstName":"eudesign","urlSocialMedia":"https:\/\/twitter.com\/eudesign"}}],"description":null,"textName":"null","createDate":"Sat May 30 14:18:51 +0200 2015","publishDate":null,"resourceCategories":[]}}],"eventTag":[],"classified":[{"id":0,"description":"","name":"Terremoto","uri":"http:\/\/secure.eng.it\/ontologySecure\/category.owl#\/Terremoto"}],"severity":"High","entities":[],"related":[],"country":"","id":0,"administrative_area_level_2":"","administrative_area_level_1":"","description":"EVENTO COMPLESSO GENERATO DA: Evento prodotto dall'analisi dei tweets;","route":"","postal_code":0,"locality":"","radius":0.0,"street_number":0,"longitude":0.0,"latitude":0.0,"atTime":1431036000000,"circa":1431036000000}