{"credibility":false,"eventResource":[{"Text":{"credibility":true,"lastUpdate":null,"url":"","creator":"","content":"RT @24donne: Allarme bomba al @sole24ore ... Carabinieri e vigili del fuoco sul posto http:\/\/t.co\/enxa2PRnrz","id":0,"resourceStatus":{"id":"","description":"","name":""},"title":"Twitter","source":[{"HumanSource":{"id":0,"lastName":"","description":"","reputation":"","name":"","userName":"SabrinaRomita","firstName":"","urlSocialMedia":""}}],"description":null,"textName":"null","createDate":"Thu Mar 05 11:29:47 +0100 2015","publishDate":null,"resourceCategories":[]}},{"Image":{"credibility":true,"id":0,"resourceStatus":{"id":"","description":"","name":""},"title":"Twitter","source":[{"HumanSource":{"id":0,"lastName":"","description":"","reputation":"","name":"","userName":"SabrinaRomita","firstName":"","urlSocialMedia":""}}],"imageName":"null","lastUpdate":null,"description":null,"link":"http:\/\/pbs.twimg.com\/media\/B_U6zCfW0AALOkP.jpg","createDate":"Thu Mar 05 11:29:47 +0100 2015","rawdata":null,"publishDate":null,"url":"","resourceCategories":[],"creator":""}},{"Text":{"credibility":true,"lastUpdate":null,"url":"","creator":"","content":"RT @24donne: Allarme bomba al @sole24ore ... Carabinieri e vigili del fuoco sul posto http:\/\/t.co\/enxa2PRnrz","id":0,"resourceStatus":{"id":"","description":"","name":""},"title":"Twitter","source":[{"HumanSource":{"id":0,"lastName":"","description":"","reputation":"","name":"","userName":"LuigidellOlio","firstName":"","urlSocialMedia":""}}],"description":null,"textName":"null","createDate":"Thu Mar 05 11:31:42 +0100 2015","publishDate":null,"resourceCategories":[]}},{"Image":{"credibility":true,"id":0,"resourceStatus":{"id":"","description":"","name":""},"title":"Twitter","source":[{"HumanSource":{"id":0,"lastName":"","description":"","reputation":"","name":"","userName":"LuigidellOlio","firstName":"","urlSocialMedia":""}}],"imageName":"null","lastUpdate":null,"description":null,"link":"http:\/\/pbs.twimg.com\/media\/B_U6zCfW0AALOkP.jpg","createDate":"Thu Mar 05 11:31:42 +0100 2015","rawdata":null,"publishDate":null,"url":"","resourceCategories":[],"creator":""}}],"eventTag":[],"classified":[{"id":0,"description":"","name":"sommossa","uri":null}],"severity":"high","entities":[],"related":[],"country":"","id":0,"administrative_area_level_2":"","administrative_area_level_1":"","description":"","route":"","postal_code":0,"locality":"","radius":0.0,"street_number":0,"longitude":0.0,"latitude":0.0,"atTime":1429108446000,"circa":1429108446000}