{"credibility":false,"eventResource":[{"Text":{"credibility":true,"lastUpdate":null,"url":"","creator":"","content":"@MarioPlatero tira vento forte? Se esci mettiti un sasso pesante in tasca, cosi il vento non ti porta via","id":0,"resourceStatus":{"id":"","description":"","name":""},"title":"Twitter","source":[{"HumanSource":{"id":0,"lastName":"","description":"","reputation":"","name":"","userName":"SALVINOLICATINI","firstName":"","urlSocialMedia":""}}],"description":null,"textName":"null","createDate":"Wed Mar 04 23:45:05 +0100 2015","publishDate":null,"resourceCategories":[]}}],"eventTag":[],"classified":[{"id":0,"description":"","name":"disastro","uri":null}],"severity":"high","entities":[],"related":[],"country":"","id":0,"administrative_area_level_2":"","administrative_area_level_1":"","description":"EVENTO COMPLESSO GENERATO DA: Evento prodotto dall'analisi dei tweets;","route":"","postal_code":0,"locality":"","radius":0.0,"street_number":0,"longitude":0.0,"latitude":0.0,"atTime":1429618248000,"circa":1429618248000}