{"credibility":false,"eventResource":[{"Text":{"credibility":true,"lastUpdate":null,"url":"","creator":"","content":"Incendio auto a #magliana: due vetture distrutte dalle fiamme http:\/\/t.co\/vSIBlFcnup","id":0,"resourceStatus":{"id":"","description":"","name":""},"title":"Twitter","source":[{"HumanSource":{"id":0,"lastName":"","description":"","reputation":"","name":"","userName":"romatoday","firstName":"","urlSocialMedia":""}}],"description":null,"textName":"null","createDate":"Thu Apr 02 10:17:05 +0200 2015","publishDate":null,"resourceCategories":[]}},{"Text":{"credibility":true,"lastUpdate":null,"url":"","creator":"","content":"Incendio auto a #magliana: due vetture distrutte dalle fiamme http:\/\/t.co\/vSIBlFcnup","id":0,"resourceStatus":{"id":"","description":"","name":""},"title":"Twitter","source":[{"HumanSource":{"id":0,"lastName":"","description":"","reputation":"","name":"","userName":"romatoday","firstName":"","urlSocialMedia":""}}],"description":null,"textName":"null","createDate":"Thu Apr 02 10:17:05 +0200 2015","publishDate":null,"resourceCategories":[]}},{"Text":{"credibility":true,"lastUpdate":null,"url":"","creator":"","content":"Incendio auto a #magliana: due vetture distrutte dalle fiamme http:\/\/t.co\/vSIBlFcnup","id":0,"resourceStatus":{"id":"","description":"","name":""},"title":"Twitter","source":[{"HumanSource":{"id":0,"lastName":"","description":"","reputation":"","name":"","userName":"romatoday","firstName":"","urlSocialMedia":""}}],"description":null,"textName":"null","createDate":"Thu Apr 02 10:17:05 +0200 2015","publishDate":null,"resourceCategories":[]}},{"Text":{"credibility":true,"lastUpdate":null,"url":"","creator":"","content":"Incendio auto a #magliana: due vetture distrutte dalle fiamme http:\/\/t.co\/vSIBlFcnup","id":0,"resourceStatus":{"id":"","description":"","name":""},"title":"Twitter","source":[{"HumanSource":{"id":0,"lastName":"","description":"","reputation":"","name":"","userName":"romatoday","firstName":"","urlSocialMedia":""}}],"description":null,"textName":"null","createDate":"Thu Apr 02 10:17:05 +0200 2015","publishDate":null,"resourceCategories":[]}},{"Text":{"credibility":true,"lastUpdate":null,"url":"","creator":"","content":"Incendio auto a #magliana: due vetture distrutte dalle fiamme http:\/\/t.co\/vSIBlFcnup","id":0,"resourceStatus":{"id":"","description":"","name":""},"title":"Twitter","source":[{"HumanSource":{"id":0,"lastName":"","description":"","reputation":"","name":"","userName":"romatoday","firstName":"","urlSocialMedia":""}}],"description":null,"textName":"null","createDate":"Thu Apr 02 10:17:05 +0200 2015","publishDate":null,"resourceCategories":[]}},{"Text":{"credibility":true,"lastUpdate":null,"url":"","creator":"","content":"Incendio auto a #magliana: due vetture distrutte dalle fiamme http:\/\/t.co\/vSIBlFcnup","id":0,"resourceStatus":{"id":"","description":"","name":""},"title":"Twitter","source":[{"HumanSource":{"id":0,"lastName":"","description":"","reputation":"","name":"","userName":"romatoday","firstName":"","urlSocialMedia":""}}],"description":null,"textName":"null","createDate":"Thu Apr 02 10:17:05 +0200 2015","publishDate":null,"resourceCategories":[]}},{"Text":{"credibility":true,"lastUpdate":null,"url":"","creator":"","content":"Incendio auto a #magliana: due vetture distrutte dalle fiamme http:\/\/t.co\/vSIBlFcnup","id":0,"resourceStatus":{"id":"","description":"","name":""},"title":"Twitter","source":[{"HumanSource":{"id":0,"lastName":"","description":"","reputation":"","name":"","userName":"romatoday","firstName":"","urlSocialMedia":""}}],"description":null,"textName":"null","createDate":"Thu Apr 02 10:17:05 +0200 2015","publishDate":null,"resourceCategories":[]}},{"Text":{"credibility":true,"lastUpdate":null,"url":"","creator":"","content":"Incendio auto a #magliana: due vetture distrutte dalle fiamme http:\/\/t.co\/vSIBlFcnup","id":0,"resourceStatus":{"id":"","description":"","name":""},"title":"Twitter","source":[{"HumanSource":{"id":0,"lastName":"","description":"","reputation":"","name":"","userName":"romatoday","firstName":"","urlSocialMedia":""}}],"description":null,"textName":"null","createDate":"Thu Apr 02 10:17:05 +0200 2015","publishDate":null,"resourceCategories":[]}},{"Text":{"credibility":true,"lastUpdate":null,"url":"","creator":"","content":"Incendio auto a #magliana: due vetture distrutte dalle fiamme http:\/\/t.co\/vSIBlFcnup","id":0,"resourceStatus":{"id":"","description":"","name":""},"title":"Twitter","source":[{"HumanSource":{"id":0,"lastName":"","description":"","reputation":"","name":"","userName":"romatoday","firstName":"","urlSocialMedia":""}}],"description":null,"textName":"null","createDate":"Thu Apr 02 10:17:05 +0200 2015","publishDate":null,"resourceCategories":[]}},{"Text":{"credibility":true,"lastUpdate":null,"url":"","creator":"","content":"Incendio auto a #magliana: due vetture distrutte dalle fiamme http:\/\/t.co\/vSIBlFcnup","id":0,"resourceStatus":{"id":"","description":"","name":""},"title":"Twitter","source":[{"HumanSource":{"id":0,"lastName":"","description":"","reputation":"","name":"","userName":"romatoday","firstName":"","urlSocialMedia":""}}],"description":null,"textName":"null","createDate":"Thu Apr 02 10:17:05 +0200 2015","publishDate":null,"resourceCategories":[]}},{"Text":{"credibility":true,"lastUpdate":null,"url":"","creator":"","content":"Incendio auto a #magliana: due vetture distrutte dalle fiamme http:\/\/t.co\/vSIBlFcnup","id":0,"resourceStatus":{"id":"","description":"","name":""},"title":"Twitter","source":[{"HumanSource":{"id":0,"lastName":"","description":"","reputation":"","name":"","userName":"romatoday","firstName":"","urlSocialMedia":""}}],"description":null,"textName":"null","createDate":"Thu Apr 02 10:17:05 +0200 2015","publishDate":null,"resourceCategories":[]}},{"Text":{"credibility":true,"lastUpdate":null,"url":"","creator":"","content":"Incendio auto a #magliana: due vetture distrutte dalle fiamme http:\/\/t.co\/vSIBlFcnup","id":0,"resourceStatus":{"id":"","description":"","name":""},"title":"Twitter","source":[{"HumanSource":{"id":0,"lastName":"","description":"","reputation":"","name":"","userName":"romatoday","firstName":"","urlSocialMedia":""}}],"description":null,"textName":"null","createDate":"Thu Apr 02 10:17:05 +0200 2015","publishDate":null,"resourceCategories":[]}}],"eventTag":[],"classified":[{"id":0,"description":"","name":"incidente_infrastruttura","uri":null}],"severity":"high","entities":[],"related":[],"country":"","id":0,"administrative_area_level_2":"","administrative_area_level_1":"","description":"","route":"","postal_code":0,"locality":"","radius":0.0,"street_number":0,"longitude":0.0,"latitude":0.0,"atTime":1427962641000,"circa":1427962641000}