{"credibility":false,"eventResource":[{"Text":{"credibility":true,"lastUpdate":null,"url":"","creator":"","content":"#notizie #spoleto Corteo storico, tutte le novità dell\u2019edizione della Sfida: \n\nSarà un Corteo Sto... http:\/\/t.co\/XM1BSC0R0W #cronaca","id":0,"resourceStatus":{"id":"","description":"","name":""},"title":"Twitter","source":[{"HumanSource":{"id":0,"lastName":"news24hita","description":"","reputation":"","name":"@news24hita","userName":"news24hita","firstName":"news24hita","urlSocialMedia":"https:\/\/twitter.com\/news24hita"}}],"description":null,"textName":"null","createDate":"Thu Jun 11 18:33:22 +0200 2015","publishDate":null,"resourceCategories":[]}},{"Text":{"credibility":true,"lastUpdate":null,"url":"","creator":"","content":"TuttOggi | Corteo storico, tutte le novità dell\u2019edizione della Sfida http:\/\/t.co\/6UlAjbgw0O","id":0,"resourceStatus":{"id":"","description":"","name":""},"title":"Twitter","source":[{"HumanSource":{"id":0,"lastName":"tuttoggi","description":"","reputation":"","name":"@tuttoggi","userName":"tuttoggi","firstName":"tuttoggi","urlSocialMedia":"https:\/\/twitter.com\/tuttoggi"}}],"description":null,"textName":"null","createDate":"Thu Jun 11 18:37:15 +0200 2015","publishDate":null,"resourceCategories":[]}}],"eventTag":[],"classified":[{"id":0,"description":"","name":"Assembramento","uri":"http:\/\/secure.eng.it\/ontologySecure\/category.owl#Assembramento"}],"severity":"high","entities":[],"related":[],"country":"","id":0,"administrative_area_level_2":"","administrative_area_level_1":"","description":"EVENTO COMPLESSO GENERATO DA: Evento prodotto dall'analisi dei tweets;","route":"","postal_code":0,"locality":"","radius":0.0,"street_number":0,"longitude":12.496366,"latitude":41.902782,"atTime":1434042071000,"circa":1434042071000}