{"credibility":false,"eventResource":[{"Text":{"credibility":true,"lastUpdate":null,"url":"","creator":"","content":"Incidente in viale La Playa, ferito uno scooterista: arriva il 118 - Casteddu Online http:\/\/t.co\/ymPKOdqgJ6 via @sharethis","id":0,"resourceStatus":{"id":"","description":"","name":""},"title":"Twitter","source":[{"HumanSource":{"id":0,"lastName":"castedduonline","description":"","reputation":"","name":"@castedduonline","userName":"castedduonline","firstName":"castedduonline","urlSocialMedia":"https:\/\/twitter.com\/castedduonline"}}],"description":null,"textName":"null","createDate":"Thu May 28 21:04:57 +0200 2015","publishDate":null,"resourceCategories":[]}}],"eventTag":[],"classified":[{"id":0,"description":"","name":"Violenza Fisica","uri":"http:\/\/secure.eng.it\/ontologySecure\/category.owl#\/Violenza_Fisica"}],"severity":"High","entities":[],"related":[],"country":"","id":0,"administrative_area_level_2":"","administrative_area_level_1":"","description":"EVENTO COMPLESSO GENERATO DA: Evento prodotto dall'analisi dei tweets;","route":"","postal_code":0,"locality":"","radius":0.0,"street_number":0,"longitude":0.0,"latitude":0.0,"atTime":1432841608000,"circa":1432841608000}