{"credibility":false,"eventResource":[{"Text":{"credibility":true,"lastUpdate":null,"url":"","creator":"","content":"Sparatoria a Secondigliano, il dirigente di polizia: \"In casa molte armi\" https:\/\/t.co\/epzIcJTFab via @youmedia","id":0,"resourceStatus":{"id":"","description":"","name":""},"title":"Twitter","source":[{"HumanSource":{"id":0,"lastName":"AlessioViscardi","description":"","reputation":"","name":"@AlessioViscardi","userName":"AlessioViscardi","firstName":"AlessioViscardi","urlSocialMedia":"https:\/\/twitter.com\/AlessioViscardi"}}],"description":null,"textName":"null","createDate":"Fri May 15 20:38:33 +0200 2015","publishDate":null,"resourceCategories":[]}}],"eventTag":[],"classified":[{"id":0,"description":"","name":"Disordini","uri":"http:\/\/secure.eng.it\/ontologySecure\/category.owl#Disordini"}],"severity":"High","entities":[],"related":[],"country":"","id":0,"administrative_area_level_2":"","administrative_area_level_1":"","description":"EVENTO COMPLESSO GENERATO DA: Evento prodotto dall'analisi dei tweets;","route":"","postal_code":0,"locality":"","radius":0.0,"street_number":0,"longitude":0.0,"latitude":0.0,"atTime":1432203465000,"circa":1432203465000}