{"credibility":false,"eventResource":[{"Text":{"credibility":true,"lastUpdate":null,"url":"","creator":"","content":"Se prevale CasaPound è anche colpa della sinistra http:\/\/t.co\/AurdG03YG0 #ilmanifesto via @ilmanifesto","id":0,"resourceStatus":{"id":"","description":"","name":""},"title":"Twitter","source":[{"HumanSource":{"id":0,"lastName":"290961","description":"","reputation":"","name":"@290961","userName":"290961","firstName":"290961","urlSocialMedia":"https:\/\/twitter.com\/290961"}}],"description":null,"textName":"null","createDate":"Sun Jul 19 12:15:39 +0200 2015","publishDate":null,"resourceCategories":[]}}],"eventTag":[],"classified":[{"id":0,"description":"","name":"Manifestazione","uri":"http:\/\/secure.eng.it\/ontologySecure\/category.owl#Manifestazione"}],"severity":"Medium","entities":[],"related":[],"country":"","id":0,"administrative_area_level_2":"","administrative_area_level_1":"","description":"EVENTO COMPLESSO GENERATO DA: Evento prodotto dall'analisi dei tweets;","route":"","postal_code":0,"locality":"","radius":0.0,"street_number":0,"longitude":0.0,"latitude":0.0,"atTime":1437302686000,"circa":1437302686000}