{"credibility":false,"eventResource":[{"Text":{"credibility":true,"lastUpdate":null,"url":"","creator":"","content":"RT @TW_laPadania: Matteo #Salvini: «Stati Uniti, durante una manifestazione un ragazzo lancia sassi contro la Polizia, la madre lo... http:\u2026","id":0,"resourceStatus":{"id":"","description":"","name":""},"title":"Twitter","source":[{"HumanSource":{"id":0,"lastName":"radio_milano","description":"","reputation":"","name":"@radio_milano","userName":"radio_milano","firstName":"radio_milano","urlSocialMedia":"https:\/\/twitter.com\/radio_milano"}}],"description":null,"textName":"null","createDate":"Tue Apr 28 21:28:52 +0200 2015","publishDate":null,"resourceCategories":[]}}],"eventTag":[],"classified":[{"id":0,"description":"","name":"Disordini","uri":"http:\/\/secure.eng.it\/ontologySecure\/category.owl#Disordini"}],"severity":"high","entities":[],"related":[],"country":"","id":0,"administrative_area_level_2":"","administrative_area_level_1":"","description":"EVENTO COMPLESSO GENERATO DA: Evento prodotto dall'analisi dei tweets;","route":"","postal_code":0,"locality":"","radius":0.0,"street_number":0,"longitude":0.0,"latitude":0.0,"atTime":1430726903000,"circa":1430726903000}