{"credibility":false,"eventResource":[{"Text":{"credibility":true,"lastUpdate":null,"url":"","creator":"","content":"#FdIAn aderisce alla manifestazione del comitato #Difendiamoinostrifigli di oggi, sabato 20 giugno, a #Roma http:\/\/t.co\/DCAIkRZEy2","id":0,"resourceStatus":{"id":"","description":"","name":""},"title":"Twitter","source":[{"HumanSource":{"id":0,"lastName":"FratellidItaIia","description":"","reputation":"","name":"@FratellidItaIia","userName":"FratellidItaIia","firstName":"FratellidItaIia","urlSocialMedia":"https:\/\/twitter.com\/FratellidItaIia"}}],"description":null,"textName":"null","createDate":"Sat Jun 20 03:59:33 +0200 2015","publishDate":null,"resourceCategories":[]}},{"Image":{"credibility":true,"imageName":"CH6JDcuWUAAKpCv.png","rawData":null,"lastUpdate":null,"link":"http:\/\/pbs.twimg.com\/media\/CH6JDcuWUAAKpCv.png","url":"","creator":"","id":0,"resourceStatus":{"id":"","description":"","name":""},"title":"Twitter","source":[{"HumanSource":{"id":0,"lastName":"FratellidItaIia","description":"","reputation":"","name":"@FratellidItaIia","userName":"FratellidItaIia","firstName":"FratellidItaIia","urlSocialMedia":"https:\/\/twitter.com\/FratellidItaIia"}}],"description":null,"createDate":"Sat Jun 20 03:59:33 +0200 2015","publishDate":null,"resourceCategories":[]}}],"eventTag":[],"classified":[{"id":0,"description":"","name":"Assembramento","uri":"http:\/\/secure.eng.it\/ontologySecure\/category.owl#Assembramento"}],"severity":"high","entities":[],"related":[],"country":"","id":0,"administrative_area_level_2":"","administrative_area_level_1":"","description":"EVENTO COMPLESSO GENERATO DA: Evento prodotto dall'analisi dei tweets;","route":"","postal_code":0,"locality":"","radius":0.0,"street_number":0,"longitude":0.0,"latitude":0.0,"atTime":1434751200000,"circa":1434751200000}