{"credibility":false,"eventResource":[{"Text":{"credibility":true,"lastUpdate":null,"url":"","creator":"","content":"@francescabarra #inondala7 #inonda #DellaValle è deluso dal #Governo perché esso è comandato dall'Europa e #Renzi esegue i compiti a casa.","id":0,"resourceStatus":{"id":"","description":"","name":""},"title":"Twitter","source":[{"HumanSource":{"id":0,"lastName":"giuseppert","description":"","reputation":"","name":"@giuseppert","userName":"giuseppert","firstName":"giuseppert","urlSocialMedia":"https:\/\/twitter.com\/giuseppert"}}],"description":null,"textName":"null","createDate":"Thu Jul 02 20:53:44 +0200 2015","publishDate":null,"resourceCategories":[]}}],"eventTag":[],"classified":[{"id":0,"description":"","name":"Disastro","uri":"http:\/\/secure.eng.it\/ontologySecure\/category.owl\/Disastro"}],"severity":"High","entities":[],"related":[],"country":"","id":0,"administrative_area_level_2":"","administrative_area_level_1":"","description":"EVENTO COMPLESSO GENERATO DA: Evento prodotto dall'analisi dei tweets;","route":"","postal_code":0,"locality":"","radius":0.0,"street_number":0,"longitude":0.0,"latitude":0.0,"atTime":1435864297000,"circa":1435864297000}