{"credibility":false,"eventResource":[{"Text":{"credibility":true,"lastUpdate":null,"url":"","creator":"","content":"RT @marcimarti17: #chetempochefa \"Renzi si appoggia ad un partito che è ancora PIENO di persone legate alla vecchia ideologia comunista\" IN\u2026","id":0,"resourceStatus":{"id":"","description":"","name":""},"title":"Twitter","source":[{"HumanSource":{"id":0,"lastName":"VFumero","description":"","reputation":"","name":"@VFumero","userName":"VFumero","firstName":"VFumero","urlSocialMedia":"https:\/\/twitter.com\/VFumero"}}],"description":null,"textName":"null","createDate":"Sun May 24 20:55:34 +0200 2015","publishDate":null,"resourceCategories":[]}},{"Text":{"credibility":true,"lastUpdate":null,"url":"","creator":"","content":"RT @marcimarti17: #chetempochefa \"Renzi si appoggia ad un partito che è ancora PIENO di persone legate alla vecchia ideologia comunista\" IN\u2026","id":0,"resourceStatus":{"id":"","description":"","name":""},"title":"Twitter","source":[{"HumanSource":{"id":0,"lastName":"diamine71","description":"","reputation":"","name":"@diamine71","userName":"diamine71","firstName":"diamine71","urlSocialMedia":"https:\/\/twitter.com\/diamine71"}}],"description":null,"textName":"null","createDate":"Sun May 24 20:56:56 +0200 2015","publishDate":null,"resourceCategories":[]}}],"eventTag":[],"classified":[{"id":0,"description":"","name":"Manifestazione","uri":"http:\/\/secure.eng.it\/ontologySecure\/category.owl#\/Manifestazione"}],"severity":"Medium","entities":[],"related":[],"country":"","id":0,"administrative_area_level_2":"","administrative_area_level_1":"","description":"EVENTO COMPLESSO GENERATO DA: Evento prodotto dall'analisi dei tweets;","route":"","postal_code":0,"locality":"","radius":0.0,"street_number":0,"longitude":0.0,"latitude":0.0,"atTime":1432495529000,"circa":1432495529000}