{"credibility":false,"eventResource":[{"Text":{"credibility":true,"lastUpdate":null,"url":"","creator":"","content":"La Francia schiera la polizia con armi in pugno sulla frontiera con l'Italia a Ventimiglia, respinti tutti i... http:\/\/t.co\/6YAdJigWr7","id":0,"resourceStatus":{"id":"","description":"","name":""},"title":"Twitter","source":[{"HumanSource":{"id":0,"lastName":"GaetanoMontana","description":"","reputation":"","name":"@GaetanoMontana","userName":"GaetanoMontana","firstName":"GaetanoMontana","urlSocialMedia":"https:\/\/twitter.com\/GaetanoMontana"}}],"description":null,"textName":"null","createDate":"Fri Jun 12 18:40:29 +0200 2015","publishDate":null,"resourceCategories":[]}}],"eventTag":[],"classified":[{"id":0,"description":"","name":"Disordini","uri":"http:\/\/secure.eng.it\/ontologySecure\/category.owl#Disordini"}],"severity":"high","entities":[],"related":[],"country":"","id":0,"administrative_area_level_2":"","administrative_area_level_1":"","description":"EVENTO COMPLESSO GENERATO DA: Evento prodotto dall'analisi dei tweets;","route":"","postal_code":0,"locality":"","radius":0.0,"street_number":0,"longitude":0.0,"latitude":0.0,"atTime":1434128566000,"circa":1434128566000}