{"credibility":false,"eventResource":[{"Text":{"credibility":true,"lastUpdate":null,"url":"","creator":"","content":"PUNTO NASCITA, ANCHE IL COMITATO PRO GUARDIA MEDICA CAMPO DI GIOVE ALLA MANIFESTAZIONE A L\u2019AQUILA\nhttp:\/\/t.co\/nEUpRk4VUt","id":0,"resourceStatus":{"id":"","description":"","name":""},"title":"Twitter","source":[{"HumanSource":{"id":0,"lastName":"","description":"","reputation":"","name":"","userName":"reteabruzzocom","firstName":"","urlSocialMedia":""}}],"description":null,"textName":"null","createDate":"Sat Apr 04 14:53:33 +0200 2015","publishDate":null,"resourceCategories":[]}}],"eventTag":[],"classified":[{"id":0,"description":"","name":"manifestazione","uri":null}],"severity":"high","entities":[],"related":[],"country":"","id":0,"administrative_area_level_2":"","administrative_area_level_1":"","description":"","route":"","postal_code":0,"locality":"","radius":0.0,"street_number":0,"longitude":0.0,"latitude":0.0,"atTime":1428152614000,"circa":1428152614000}