{"credibility":false,"eventResource":[{"Text":{"credibility":true,"lastUpdate":null,"url":"","creator":"","content":"RT @la_stampa: FOTO \/\/ Alberi sradicati, i danni del #vento in Toscana \nhttp:\/\/t.co\/rPGHwY90N6 #allertameteoTOS http:\/\/t.co\/MaPiNvqb5K","id":0,"resourceStatus":{"id":"","description":"","name":""},"title":"Twitter","source":[{"HumanSource":{"id":0,"lastName":"Ettoremar","description":"","reputation":"","name":"@Ettoremar","userName":"Ettoremar","firstName":"Ettoremar","urlSocialMedia":"https:\/\/twitter.com\/Ettoremar"}}],"description":null,"textName":"null","createDate":"Thu Mar 05 11:44:49 +0100 2015","publishDate":null,"resourceCategories":[]}},{"Image":{"credibility":true,"imageName":"null","rawData":null,"lastUpdate":null,"link":"http:\/\/pbs.twimg.com\/media\/B_U55k5UIAAbWiH.png","url":"","creator":"","id":0,"resourceStatus":{"id":"","description":"","name":""},"title":"Twitter","source":[{"HumanSource":{"id":0,"lastName":"Ettoremar","description":"","reputation":"","name":"@Ettoremar","userName":"Ettoremar","firstName":"Ettoremar","urlSocialMedia":"https:\/\/twitter.com\/Ettoremar"}}],"description":null,"createDate":"Thu Mar 05 11:44:49 +0100 2015","publishDate":null,"resourceCategories":[]}},{"Text":{"credibility":true,"lastUpdate":null,"url":"","creator":"","content":"Ultimo aggiornamento #maltempo e #vento \nhttp:\/\/t.co\/LrQQRZMyrn\n2 vittime, gravi danni e #neve copiosa in Appennino http:\/\/t.co\/j6PgBtRhs5","id":0,"resourceStatus":{"id":"","description":"","name":""},"title":"Twitter","source":[{"HumanSource":{"id":0,"lastName":"3BMeteo","description":"","reputation":"","name":"@3BMeteo","userName":"3BMeteo","firstName":"3BMeteo","urlSocialMedia":"https:\/\/twitter.com\/3BMeteo"}}],"description":null,"textName":"null","createDate":"Thu Mar 05 11:53:19 +0100 2015","publishDate":null,"resourceCategories":[]}},{"Image":{"credibility":true,"imageName":"null","rawData":null,"lastUpdate":null,"link":"http:\/\/pbs.twimg.com\/media\/B_VBHM3WUAEf1bI.jpg","url":"","creator":"","id":0,"resourceStatus":{"id":"","description":"","name":""},"title":"Twitter","source":[{"HumanSource":{"id":0,"lastName":"3BMeteo","description":"","reputation":"","name":"@3BMeteo","userName":"3BMeteo","firstName":"3BMeteo","urlSocialMedia":"https:\/\/twitter.com\/3BMeteo"}}],"description":null,"createDate":"Thu Mar 05 11:53:19 +0100 2015","publishDate":null,"resourceCategories":[]}},{"Text":{"credibility":true,"lastUpdate":null,"url":"","creator":"","content":"RT @la_stampa: FOTO \/\/ Alberi sradicati, i danni del #vento in Toscana \nhttp:\/\/t.co\/rPGHwY90N6 #allertameteoTOS http:\/\/t.co\/MaPiNvqb5K","id":0,"resourceStatus":{"id":"","description":"","name":""},"title":"Twitter","source":[{"HumanSource":{"id":0,"lastName":"Ettoremar","description":"","reputation":"","name":"@Ettoremar","userName":"Ettoremar","firstName":"Ettoremar","urlSocialMedia":"https:\/\/twitter.com\/Ettoremar"}}],"description":null,"textName":"null","createDate":"Thu Mar 05 11:44:49 +0100 2015","publishDate":null,"resourceCategories":[]}},{"Image":{"credibility":true,"imageName":"null","rawData":null,"lastUpdate":null,"link":"http:\/\/pbs.twimg.com\/media\/B_U55k5UIAAbWiH.png","url":"","creator":"","id":0,"resourceStatus":{"id":"","description":"","name":""},"title":"Twitter","source":[{"HumanSource":{"id":0,"lastName":"Ettoremar","description":"","reputation":"","name":"@Ettoremar","userName":"Ettoremar","firstName":"Ettoremar","urlSocialMedia":"https:\/\/twitter.com\/Ettoremar"}}],"description":null,"createDate":"Thu Mar 05 11:44:49 +0100 2015","publishDate":null,"resourceCategories":[]}},{"Text":{"credibility":true,"lastUpdate":null,"url":"","creator":"","content":"Ultimo aggiornamento #maltempo e #vento \nhttp:\/\/t.co\/LrQQRZMyrn\n2 vittime, gravi danni e #neve copiosa in Appennino http:\/\/t.co\/j6PgBtRhs5","id":0,"resourceStatus":{"id":"","description":"","name":""},"title":"Twitter","source":[{"HumanSource":{"id":0,"lastName":"3BMeteo","description":"","reputation":"","name":"@3BMeteo","userName":"3BMeteo","firstName":"3BMeteo","urlSocialMedia":"https:\/\/twitter.com\/3BMeteo"}}],"description":null,"textName":"null","createDate":"Thu Mar 05 11:53:19 +0100 2015","publishDate":null,"resourceCategories":[]}},{"Image":{"credibility":true,"imageName":"null","rawData":null,"lastUpdate":null,"link":"http:\/\/pbs.twimg.com\/media\/B_VBHM3WUAEf1bI.jpg","url":"","creator":"","id":0,"resourceStatus":{"id":"","description":"","name":""},"title":"Twitter","source":[{"HumanSource":{"id":0,"lastName":"3BMeteo","description":"","reputation":"","name":"@3BMeteo","userName":"3BMeteo","firstName":"3BMeteo","urlSocialMedia":"https:\/\/twitter.com\/3BMeteo"}}],"description":null,"createDate":"Thu Mar 05 11:53:19 +0100 2015","publishDate":null,"resourceCategories":[]}}],"eventTag":[],"classified":[{"id":0,"description":"","name":"Ciclone","uri":"http:\/\/secure.eng.it\/ontologySecure\/category.owl#\/Ciclone"}],"severity":"high","entities":[],"related":[],"country":"","id":0,"administrative_area_level_2":"","administrative_area_level_1":"","description":"EVENTO COMPLESSO GENERATO DA: Evento prodotto dall'analisi dei tweets;","route":"","postal_code":0,"locality":"","radius":0.0,"street_number":0,"longitude":43.877705,"latitude":11.102228,"atTime":1429802530000,"circa":1429802530000}