{"credibility":false,"eventResource":[{"Text":{"credibility":true,"lastUpdate":null,"url":"","creator":"","content":"RT @eudaiimona: Manifestazione pro sabato aperta a tutta la cittadinanza  OGGI ORE 16 IN PIAZZA SISTO","id":0,"resourceStatus":{"id":"","description":"","name":""},"title":"Twitter","source":[{"HumanSource":{"id":0,"lastName":"ultrazubi","description":"","reputation":"","name":"@ultrazubi","userName":"ultrazubi","firstName":"ultrazubi","urlSocialMedia":"https:\/\/twitter.com\/ultrazubi"}}],"description":null,"textName":"null","createDate":"Wed Jun 03 14:27:00 +0200 2015","publishDate":null,"resourceCategories":[]}}],"eventTag":[],"classified":[{"id":0,"description":"","name":"Assembramento","uri":"http:\/\/secure.eng.it\/ontologySecure\/category.owl#Assembramento"}],"severity":"high","entities":[],"related":[],"country":"","id":0,"administrative_area_level_2":"","administrative_area_level_1":"","description":"EVENTO COMPLESSO GENERATO DA: Evento prodotto dall'analisi dei tweets;","route":"","postal_code":0,"locality":"","radius":0.0,"street_number":0,"longitude":0.0,"latitude":0.0,"atTime":1433282400000,"circa":1433282400000}