{"credibility":false,"eventResource":[{"Text":{"credibility":true,"lastUpdate":null,"url":"","creator":"","content":"Raffiche di vento e nevischio nel territorio di #gubbio. Rami spezzati e danni a tettoie. Peggioramento in serata. #meteo #umbria","id":0,"resourceStatus":{"id":"","description":"","name":""},"title":"Twitter","source":[{"HumanSource":{"id":0,"lastName":"gubbionews","description":"","reputation":"","name":"@gubbionews","userName":"gubbionews","firstName":"gubbionews","urlSocialMedia":"https:\/\/twitter.com\/gubbionews"}}],"description":null,"textName":"null","createDate":"Thu Mar 05 18:32:09 +0100 2015","publishDate":null,"resourceCategories":[]}},{"Text":{"credibility":true,"lastUpdate":null,"url":"","creator":"","content":"Raffiche di vento e nevischio nel territorio di #gubbio. Rami spezzati e danni a tettoie. Peggioramento in serata. #meteo #umbria","id":0,"resourceStatus":{"id":"","description":"","name":""},"title":"Twitter","source":[{"HumanSource":{"id":0,"lastName":"gubbionews","description":"","reputation":"","name":"@gubbionews","userName":"gubbionews","firstName":"gubbionews","urlSocialMedia":"https:\/\/twitter.com\/gubbionews"}}],"description":null,"textName":"null","createDate":"Thu Mar 05 18:32:09 +0100 2015","publishDate":null,"resourceCategories":[]}}],"eventTag":[],"classified":[{"id":0,"description":"","name":"Ciclone","uri":"http:\/\/secure.eng.it\/ontologySecure\/category.owl#\/Ciclone"}],"severity":"high","entities":[],"related":[],"country":"","id":0,"administrative_area_level_2":"","administrative_area_level_1":"","description":"EVENTO COMPLESSO GENERATO DA: Evento prodotto dall'analisi dei tweets;","route":"","postal_code":0,"locality":"","radius":0.0,"street_number":0,"longitude":12.575313,"latitude":43.35132,"atTime":1429802532000,"circa":1429802532000}