{"credibility":false,"eventResource":[{"Text":{"credibility":true,"lastUpdate":null,"url":"","creator":"","content":"#Usa, sparatoria in chiesa a #Charleston: 9 morti - Caccia al killer #aggiornamenti http:\/\/t.co\/fTKg1Ch1Fu via @giornalettismo","id":0,"resourceStatus":{"id":"","description":"","name":""},"title":"Twitter","source":[{"HumanSource":{"id":0,"lastName":"Fioskyna","description":"","reputation":"","name":"@Fioskyna","userName":"Fioskyna","firstName":"Fioskyna","urlSocialMedia":"https:\/\/twitter.com\/Fioskyna"}}],"description":null,"textName":"null","createDate":"Thu Jun 18 07:19:07 +0200 2015","publishDate":null,"resourceCategories":[]}},{"Text":{"credibility":true,"lastUpdate":null,"url":"","creator":"","content":"RT @Fioskyna: #Usa, sparatoria in chiesa a #Charleston: 9 morti - Caccia al killer #aggiornamenti http:\/\/t.co\/fTKg1Ch1Fu via @giornalettismo","id":0,"resourceStatus":{"id":"","description":"","name":""},"title":"Twitter","source":[{"HumanSource":{"id":0,"lastName":"giornalettismo","description":"","reputation":"","name":"@giornalettismo","userName":"giornalettismo","firstName":"giornalettismo","urlSocialMedia":"https:\/\/twitter.com\/giornalettismo"}}],"description":null,"textName":"null","createDate":"Thu Jun 18 07:19:58 +0200 2015","publishDate":null,"resourceCategories":[]}}],"eventTag":[],"classified":[{"id":0,"description":"","name":"Violenza Fisica","uri":"http:\/\/secure.eng.it\/ontologySecure\/category.owl#\/Violenza_Fisica"}],"severity":"High","entities":[],"related":[],"country":"","id":0,"administrative_area_level_2":"","administrative_area_level_1":"","description":"EVENTO COMPLESSO GENERATO DA: Evento prodotto dall'analisi dei tweets;","route":"","postal_code":0,"locality":"","radius":0.0,"street_number":0,"longitude":0.0,"latitude":0.0,"atTime":1434606204000,"circa":1434606204000}