{"credibility":false,"eventResource":[{"Text":{"credibility":true,"lastUpdate":null,"url":"","creator":"","content":"RT @favalem: A #Battistini un centinaio di persone contro il sit in di #casapound (che ancora non si vede). In mezzo polizia e cc http:\/\/t.\u2026","id":0,"resourceStatus":{"id":"","description":"","name":""},"title":"Twitter","source":[{"HumanSource":{"id":0,"lastName":"radiondadurto","description":"","reputation":"","name":"@radiondadurto","userName":"radiondadurto","firstName":"radiondadurto","urlSocialMedia":"https:\/\/twitter.com\/radiondadurto"}}],"description":null,"textName":"null","createDate":"Wed Jun 03 17:15:44 +0200 2015","publishDate":null,"resourceCategories":[]}},{"Image":{"credibility":true,"imageName":"CGlZxTYW8AABv6C.jpg","rawData":null,"lastUpdate":null,"link":"http:\/\/pbs.twimg.com\/media\/CGlZxTYW8AABv6C.jpg","url":"","creator":"","id":0,"resourceStatus":{"id":"","description":"","name":""},"title":"Twitter","source":[{"HumanSource":{"id":0,"lastName":"radiondadurto","description":"","reputation":"","name":"@radiondadurto","userName":"radiondadurto","firstName":"radiondadurto","urlSocialMedia":"https:\/\/twitter.com\/radiondadurto"}}],"description":null,"createDate":"Wed Jun 03 17:15:44 +0200 2015","publishDate":null,"resourceCategories":[]}},{"Text":{"credibility":true,"lastUpdate":null,"url":"","creator":"","content":"RT @favalem: A #Battistini un centinaio di persone contro il sit in di #casapound (che ancora non si vede). In mezzo polizia e cc http:\/\/t.\u2026","id":0,"resourceStatus":{"id":"","description":"","name":""},"title":"Twitter","source":[{"HumanSource":{"id":0,"lastName":"massimosolani","description":"","reputation":"","name":"@massimosolani","userName":"massimosolani","firstName":"massimosolani","urlSocialMedia":"https:\/\/twitter.com\/massimosolani"}}],"description":null,"textName":"null","createDate":"Wed Jun 03 17:18:12 +0200 2015","publishDate":null,"resourceCategories":[]}},{"Image":{"credibility":true,"imageName":"CGlZxTYW8AABv6C.jpg","rawData":null,"lastUpdate":null,"link":"http:\/\/pbs.twimg.com\/media\/CGlZxTYW8AABv6C.jpg","url":"","creator":"","id":0,"resourceStatus":{"id":"","description":"","name":""},"title":"Twitter","source":[{"HumanSource":{"id":0,"lastName":"massimosolani","description":"","reputation":"","name":"@massimosolani","userName":"massimosolani","firstName":"massimosolani","urlSocialMedia":"https:\/\/twitter.com\/massimosolani"}}],"description":null,"createDate":"Wed Jun 03 17:18:12 +0200 2015","publishDate":null,"resourceCategories":[]}},{"Text":{"credibility":true,"lastUpdate":null,"url":"","creator":"","content":"Il presidio di #Battistini caricato dalla polizia per garantire la piazza alle merde di #Casapound","id":0,"resourceStatus":{"id":"","description":"","name":""},"title":"Twitter","source":[{"HumanSource":{"id":0,"lastName":"dost_aut","description":"","reputation":"","name":"@dost_aut","userName":"dost_aut","firstName":"dost_aut","urlSocialMedia":"https:\/\/twitter.com\/dost_aut"}}],"description":null,"textName":"null","createDate":"Wed Jun 03 17:18:57 +0200 2015","publishDate":null,"resourceCategories":[]}},{"Text":{"credibility":true,"lastUpdate":null,"url":"","creator":"","content":"RT @dost_aut: Il presidio di #Battistini caricato dalla polizia per garantire la piazza alle merde di #Casapound","id":0,"resourceStatus":{"id":"","description":"","name":""},"title":"Twitter","source":[{"HumanSource":{"id":0,"lastName":"frontiere_zero","description":"","reputation":"","name":"@frontiere_zero","userName":"frontiere_zero","firstName":"frontiere_zero","urlSocialMedia":"https:\/\/twitter.com\/frontiere_zero"}}],"description":null,"textName":"null","createDate":"Wed Jun 03 17:19:26 +0200 2015","publishDate":null,"resourceCategories":[]}},{"Text":{"credibility":true,"lastUpdate":null,"url":"","creator":"","content":"RT @dost_aut: Il presidio di #Battistini caricato dalla polizia per garantire la piazza alle merde di #Casapound","id":0,"resourceStatus":{"id":"","description":"","name":""},"title":"Twitter","source":[{"HumanSource":{"id":0,"lastName":"ma__va","description":"","reputation":"","name":"@ma__va","userName":"ma__va","firstName":"ma__va","urlSocialMedia":"https:\/\/twitter.com\/ma__va"}}],"description":null,"textName":"null","createDate":"Wed Jun 03 17:19:53 +0200 2015","publishDate":null,"resourceCategories":[]}},{"Text":{"credibility":true,"lastUpdate":null,"url":"","creator":"","content":"RT @dost_aut: Il presidio di #Battistini caricato dalla polizia per garantire la piazza alle merde di #Casapound","id":0,"resourceStatus":{"id":"","description":"","name":""},"title":"Twitter","source":[{"HumanSource":{"id":0,"lastName":"Detta_Lalla","description":"","reputation":"","name":"@Detta_Lalla","userName":"Detta_Lalla","firstName":"Detta_Lalla","urlSocialMedia":"https:\/\/twitter.com\/Detta_Lalla"}}],"description":null,"textName":"null","createDate":"Wed Jun 03 17:20:42 +0200 2015","publishDate":null,"resourceCategories":[]}}],"eventTag":[],"classified":[{"id":0,"description":"","name":"Manifestazione","uri":"http:\/\/secure.eng.it\/ontologySecure\/category.owl#\/Manifestazione"}],"severity":"Medium","entities":[],"related":[],"country":"","id":0,"administrative_area_level_2":"","administrative_area_level_1":"","description":"EVENTO COMPLESSO GENERATO DA: Evento prodotto dall'analisi dei tweets;","route":"","postal_code":0,"locality":"","radius":0.0,"street_number":0,"longitude":0.0,"latitude":0.0,"atTime":1433346280000,"circa":1433346280000}