{"credibility":false,"eventResource":[{"Text":{"credibility":true,"lastUpdate":null,"url":"","creator":"","content":"La protesta più pacifica del mondo: a pisa corteo di #ologrammi contro la #LeggeBavaglio. http:\/\/t.co\/9cy0i67XOv via @repubblicait","id":0,"resourceStatus":{"id":"","description":"","name":""},"title":"Twitter","source":[{"HumanSource":{"id":0,"lastName":"","description":"","reputation":"","name":"","userName":"ChiaraGrigolini","firstName":"","urlSocialMedia":""}}],"description":null,"textName":"null","createDate":"Mon Apr 13 10:30:36 +0200 2015","publishDate":null,"resourceCategories":[]}}],"eventTag":[],"classified":[{"id":0,"description":"","name":"affollamento","uri":null}],"severity":"high","entities":[],"related":[],"country":"","id":0,"administrative_area_level_2":"","administrative_area_level_1":"","description":"","route":"","postal_code":0,"locality":"","radius":0.0,"street_number":0,"longitude":0.0,"latitude":0.0,"atTime":1429018129000,"circa":1429018129000}