{"credibility":false,"eventResource":[{"Text":{"credibility":true,"lastUpdate":null,"url":"","creator":"","content":"FUERZA_MORENA: Messico, la polizia attacca a colpi di pietra l\u2019autobus degli studenti  Encora... Ayotzinapa. http:\/\/t.co\/cqbP4H2Jz8","id":0,"resourceStatus":{"id":"","description":"","name":""},"title":"Twitter","source":[{"HumanSource":{"id":0,"lastName":"","description":"","reputation":"","name":"","userName":"Morena_Landa","firstName":"","urlSocialMedia":""}}],"description":null,"textName":"null","createDate":"Sat Apr 04 16:23:57 +0200 2015","publishDate":null,"resourceCategories":[]}},{"Text":{"credibility":true,"lastUpdate":null,"url":"","creator":"","content":"FUERZA_MORENA: Messico, la polizia attacca a colpi di pietra l\u2019autobus degli studenti  Encora... Ayotzinapa. http:\/\/t.co\/wCVFWUV7OU","id":0,"resourceStatus":{"id":"","description":"","name":""},"title":"Twitter","source":[{"HumanSource":{"id":0,"lastName":"","description":"","reputation":"","name":"","userName":"MorElMarques","firstName":"","urlSocialMedia":""}}],"description":null,"textName":"null","createDate":"Sat Apr 04 16:25:03 +0200 2015","publishDate":null,"resourceCategories":[]}},{"Text":{"credibility":true,"lastUpdate":null,"url":"","creator":"","content":"FUERZA_MORENA: Messico, la polizia attacca a colpi di pietra l\u2019autobus degli studenti  Encora... Ayotzinapa. http:\/\/t.co\/YOpznqvLlS","id":0,"resourceStatus":{"id":"","description":"","name":""},"title":"Twitter","source":[{"HumanSource":{"id":0,"lastName":"","description":"","reputation":"","name":"","userName":"Morena_Escobedo","firstName":"","urlSocialMedia":""}}],"description":null,"textName":"null","createDate":"Sat Apr 04 16:25:55 +0200 2015","publishDate":null,"resourceCategories":[]}},{"Text":{"credibility":true,"lastUpdate":null,"url":"","creator":"","content":"FUERZA_MORENA: Messico, la polizia attacca a colpi di pietra l\u2019autobus degli studenti  Encora... Ayotzinapa. http:\/\/t.co\/ChS4boLmGJ","id":0,"resourceStatus":{"id":"","description":"","name":""},"title":"Twitter","source":[{"HumanSource":{"id":0,"lastName":"","description":"","reputation":"","name":"","userName":"MorPenamiller","firstName":"","urlSocialMedia":""}}],"description":null,"textName":"null","createDate":"Sat Apr 04 16:27:08 +0200 2015","publishDate":null,"resourceCategories":[]}},{"Text":{"credibility":true,"lastUpdate":null,"url":"","creator":"","content":"FUERZA_MORENA: Messico, la polizia attacca a colpi di pietra l\u2019autobus degli studenti  Encora... Ayotzinapa. http:\/\/t.co\/cP0EZwevto","id":0,"resourceStatus":{"id":"","description":"","name":""},"title":"Twitter","source":[{"HumanSource":{"id":0,"lastName":"","description":"","reputation":"","name":"","userName":"MorSanJoaquin","firstName":"","urlSocialMedia":""}}],"description":null,"textName":"null","createDate":"Sat Apr 04 16:28:09 +0200 2015","publishDate":null,"resourceCategories":[]}},{"Text":{"credibility":true,"lastUpdate":null,"url":"","creator":"","content":"FUERZA_MORENA: Messico, la polizia attacca a colpi di pietra l\u2019autobus degli studenti  Encora... Ayotzinapa. http:\/\/t.co\/4xTawi6Uq0","id":0,"resourceStatus":{"id":"","description":"","name":""},"title":"Twitter","source":[{"HumanSource":{"id":0,"lastName":"","description":"","reputation":"","name":"","userName":"Morena_BCS","firstName":"","urlSocialMedia":""}}],"description":null,"textName":"null","createDate":"Sat Apr 04 16:28:17 +0200 2015","publishDate":null,"resourceCategories":[]}},{"Text":{"credibility":true,"lastUpdate":null,"url":"","creator":"","content":"FUERZA_MORENA: Messico, la polizia attacca a colpi di pietra l\u2019autobus degli studenti  Encora... Ayotzinapa. http:\/\/t.co\/7LBSx4qUlL","id":0,"resourceStatus":{"id":"","description":"","name":""},"title":"Twitter","source":[{"HumanSource":{"id":0,"lastName":"","description":"","reputation":"","name":"","userName":"Morena_Rosarito","firstName":"","urlSocialMedia":""}}],"description":null,"textName":"null","createDate":"Sat Apr 04 16:29:04 +0200 2015","publishDate":null,"resourceCategories":[]}},{"Text":{"credibility":true,"lastUpdate":null,"url":"","creator":"","content":"FUERZA_MORENA: Messico, la polizia attacca a colpi di pietra l\u2019autobus degli studenti  Encora... Ayotzinapa. http:\/\/t.co\/VgRK6YLhEZ","id":0,"resourceStatus":{"id":"","description":"","name":""},"title":"Twitter","source":[{"HumanSource":{"id":0,"lastName":"","description":"","reputation":"","name":"","userName":"Morena_Mexicali","firstName":"","urlSocialMedia":""}}],"description":null,"textName":"null","createDate":"Sat Apr 04 16:29:05 +0200 2015","publishDate":null,"resourceCategories":[]}},{"Text":{"credibility":true,"lastUpdate":null,"url":"","creator":"","content":"FUERZA_MORENA: Messico, la polizia attacca a colpi di pietra l\u2019autobus degli studenti  Encora... Ayotzinapa. http:\/\/t.co\/NrAvHYOcMk","id":0,"resourceStatus":{"id":"","description":"","name":""},"title":"Twitter","source":[{"HumanSource":{"id":0,"lastName":"","description":"","reputation":"","name":"","userName":"MorJuandelRio","firstName":"","urlSocialMedia":""}}],"description":null,"textName":"null","createDate":"Sat Apr 04 16:29:05 +0200 2015","publishDate":null,"resourceCategories":[]}},{"Text":{"credibility":true,"lastUpdate":null,"url":"","creator":"","content":"FUERZA_MORENA: Messico, la polizia attacca a colpi di pietra l\u2019autobus degli studenti  Encora... Ayotzinapa. http:\/\/t.co\/Kw488mDC6F","id":0,"resourceStatus":{"id":"","description":"","name":""},"title":"Twitter","source":[{"HumanSource":{"id":0,"lastName":"","description":"","reputation":"","name":"","userName":"Morena_Tabasco1","firstName":"","urlSocialMedia":""}}],"description":null,"textName":"null","createDate":"Sat Apr 04 16:29:12 +0200 2015","publishDate":null,"resourceCategories":[]}},{"Text":{"credibility":true,"lastUpdate":null,"url":"","creator":"","content":"FUERZA_MORENA: Messico, la polizia attacca a colpi di pietra l\u2019autobus degli studenti  Encora... Ayotzinapa. http:\/\/t.co\/5r0yxTKKSv","id":0,"resourceStatus":{"id":"","description":"","name":""},"title":"Twitter","source":[{"HumanSource":{"id":0,"lastName":"","description":"","reputation":"","name":"","userName":"MorenaCunducan","firstName":"","urlSocialMedia":""}}],"description":null,"textName":"null","createDate":"Sat Apr 04 16:29:14 +0200 2015","publishDate":null,"resourceCategories":[]}},{"Text":{"credibility":true,"lastUpdate":null,"url":"","creator":"","content":"FUERZA_MORENA: Messico, la polizia attacca a colpi di pietra l\u2019autobus degli studenti  Encora... Ayotzinapa. http:\/\/t.co\/P1q9nT1UmF","id":0,"resourceStatus":{"id":"","description":"","name":""},"title":"Twitter","source":[{"HumanSource":{"id":0,"lastName":"","description":"","reputation":"","name":"","userName":"MorenaCentro","firstName":"","urlSocialMedia":""}}],"description":null,"textName":"null","createDate":"Sat Apr 04 16:29:14 +0200 2015","publishDate":null,"resourceCategories":[]}}],"eventTag":[],"classified":[{"id":0,"description":"","name":"violenza_fisica","uri":null}],"severity":"high","entities":[],"related":[],"country":"","id":0,"administrative_area_level_2":"","administrative_area_level_1":"","description":"","route":"","postal_code":0,"locality":"","radius":0.0,"street_number":0,"longitude":0.0,"latitude":0.0,"atTime":1428395016000,"circa":1428395016000}