{"credibility":false,"eventResource":[{"Text":{"credibility":true,"lastUpdate":null,"url":"","creator":"","content":"sembra di rivivere l'incendio della #Fenice #Venezia x fortuna invece è un'area dismessa dell'ospedale civile...speriamo non vi siano feriti","id":0,"resourceStatus":{"id":"","description":"","name":""},"title":"Twitter","source":[{"HumanSource":{"id":0,"lastName":"nikizag7","description":"","reputation":"","name":"@nikizag7","userName":"nikizag7","firstName":"nikizag7","urlSocialMedia":"https:\/\/twitter.com\/nikizag7"}}],"description":null,"textName":"null","createDate":"Wed May 13 22:40:10 +0200 2015","publishDate":null,"resourceCategories":[]}}],"eventTag":[],"classified":[{"id":0,"description":"","name":"Incidente Industriale","uri":"http:\/\/secure.eng.it\/ontologySecure\/category.owl#\/Incidente_Industriale"}],"severity":"High","entities":[],"related":[],"country":"","id":0,"administrative_area_level_2":"","administrative_area_level_1":"","description":"EVENTO COMPLESSO GENERATO DA: Evento prodotto dall'analisi dei tweets;","route":"","postal_code":0,"locality":"","radius":0.0,"street_number":0,"longitude":0.0,"latitude":0.0,"atTime":1432203381000,"circa":1432203381000}