{"credibility":false,"eventResource":[{"Text":{"credibility":true,"lastUpdate":null,"url":"","creator":"","content":"#lagabbia la polizia coi lacrimogeni, i black block con molotov e bombe carta. Glielo vogliamo dare più potere alla polizia o no????","id":0,"resourceStatus":{"id":"","description":"","name":""},"title":"Twitter","source":[{"HumanSource":{"id":0,"lastName":"Reverendo_Degio","description":"","reputation":"","name":"@Reverendo_Degio","userName":"Reverendo_Degio","firstName":"Reverendo_Degio","urlSocialMedia":"https:\/\/twitter.com\/Reverendo_Degio"}}],"description":null,"textName":"null","createDate":"Wed May 06 21:28:39 +0200 2015","publishDate":null,"resourceCategories":[]}}],"eventTag":[],"classified":[{"id":0,"description":"","name":"Disordini","uri":"http:\/\/secure.eng.it\/ontologySecure\/category.owl#Disordini"}],"severity":"high","entities":[],"related":[],"country":"","id":0,"administrative_area_level_2":"","administrative_area_level_1":"","description":"EVENTO COMPLESSO GENERATO DA: Evento prodotto dall'analisi dei tweets;","route":"","postal_code":0,"locality":"","radius":0.0,"street_number":0,"longitude":0.0,"latitude":0.0,"atTime":1431437932000,"circa":1431437932000}