{"credibility":false,"eventResource":[{"Text":{"credibility":true,"lastUpdate":null,"url":"","creator":"","content":"Tensioni CasaPound al Csmpidoglio. 3..2..1 già partita la confusione coi manifestanti 5 stelle. #occupycampidoglio","id":0,"resourceStatus":{"id":"","description":"","name":""},"title":"Twitter","source":[{"HumanSource":{"id":0,"lastName":"federicabarghin","description":"","reputation":"","name":"@federicabarghin","userName":"federicabarghin","firstName":"federicabarghin","urlSocialMedia":"https:\/\/twitter.com\/federicabarghin"}}],"description":null,"textName":"null","createDate":"Tue Jun 09 15:57:45 +0200 2015","publishDate":null,"resourceCategories":[]}}],"eventTag":[],"classified":[{"id":0,"description":"","name":"Manifestazione","uri":"http:\/\/secure.eng.it\/ontologySecure\/category.owl#\/Manifestazione"}],"severity":"Medium","entities":[],"related":[],"country":"","id":0,"administrative_area_level_2":"","administrative_area_level_1":"","description":"EVENTO COMPLESSO GENERATO DA: Evento prodotto dall'analisi dei tweets;","route":"","postal_code":0,"locality":"","radius":0.0,"street_number":0,"longitude":12.496366,"latitude":41.902782,"atTime":1420239600000,"circa":1420239600000}