{"credibility":false,"eventResource":[{"Text":{"credibility":true,"lastUpdate":null,"url":"","creator":"","content":"RT @VirusRai2: Reato di #tortura è attacco alle guardie, se un delinquente denuncia il poliziotto per violenza psicologica, passa i guai #h\u2026","id":0,"resourceStatus":{"id":"","description":"","name":""},"title":"Twitter","source":[{"HumanSource":{"id":0,"lastName":"","description":"","reputation":"","name":"","userName":"IsmaeleRognoni","firstName":"","urlSocialMedia":""}}],"description":null,"textName":"null","createDate":"Thu Apr 09 22:33:59 +0200 2015","publishDate":null,"resourceCategories":[]}}],"eventTag":[],"classified":[{"id":0,"description":"","name":"attacco_armato","uri":null}],"severity":"high","entities":[],"related":[],"country":"","id":0,"administrative_area_level_2":"","administrative_area_level_1":"","description":"","route":"","postal_code":0,"locality":"","radius":0.0,"street_number":0,"longitude":0.0,"latitude":0.0,"atTime":1428612605000,"circa":1428612605000}