{"credibility":false,"eventResource":[{"Text":{"credibility":true,"lastUpdate":null,"url":"","creator":"","content":"Le molotov in piazza ma la polizia non carica #grexit http:\/\/t.co\/kXLYCdA54E","id":0,"resourceStatus":{"id":"","description":"","name":""},"title":"Twitter","source":[{"HumanSource":{"id":0,"lastName":"il_pucciarelli","description":"","reputation":"","name":"@il_pucciarelli","userName":"il_pucciarelli","firstName":"il_pucciarelli","urlSocialMedia":"https:\/\/twitter.com\/il_pucciarelli"}}],"description":null,"textName":"null","createDate":"Wed Jul 15 20:14:35 +0200 2015","publishDate":null,"resourceCategories":[]}},{"Image":{"credibility":true,"imageName":"CJ-X2A7WIAAYKEo.jpg","rawData":null,"lastUpdate":null,"link":"http:\/\/pbs.twimg.com\/media\/CJ-X2A7WIAAYKEo.jpg","url":"","creator":"","id":0,"resourceStatus":{"id":"","description":"","name":""},"title":"Twitter","source":[{"HumanSource":{"id":0,"lastName":"il_pucciarelli","description":"","reputation":"","name":"@il_pucciarelli","userName":"il_pucciarelli","firstName":"il_pucciarelli","urlSocialMedia":"https:\/\/twitter.com\/il_pucciarelli"}}],"description":null,"createDate":"Wed Jul 15 20:14:35 +0200 2015","publishDate":null,"resourceCategories":[]}},{"Text":{"credibility":true,"lastUpdate":null,"url":"","creator":"","content":"RT @il_pucciarelli: Le molotov in piazza ma la polizia non carica #grexit http:\/\/t.co\/kXLYCdA54E","id":0,"resourceStatus":{"id":"","description":"","name":""},"title":"Twitter","source":[{"HumanSource":{"id":0,"lastName":"dinodxr","description":"","reputation":"","name":"@dinodxr","userName":"dinodxr","firstName":"dinodxr","urlSocialMedia":"https:\/\/twitter.com\/dinodxr"}}],"description":null,"textName":"null","createDate":"Wed Jul 15 20:15:18 +0200 2015","publishDate":null,"resourceCategories":[]}},{"Image":{"credibility":true,"imageName":"CJ-X2A7WIAAYKEo.jpg","rawData":null,"lastUpdate":null,"link":"http:\/\/pbs.twimg.com\/media\/CJ-X2A7WIAAYKEo.jpg","url":"","creator":"","id":0,"resourceStatus":{"id":"","description":"","name":""},"title":"Twitter","source":[{"HumanSource":{"id":0,"lastName":"dinodxr","description":"","reputation":"","name":"@dinodxr","userName":"dinodxr","firstName":"dinodxr","urlSocialMedia":"https:\/\/twitter.com\/dinodxr"}}],"description":null,"createDate":"Wed Jul 15 20:15:18 +0200 2015","publishDate":null,"resourceCategories":[]}},{"Text":{"credibility":true,"lastUpdate":null,"url":"","creator":"","content":"RT @il_pucciarelli: Le molotov in piazza ma la polizia non carica #grexit http:\/\/t.co\/kXLYCdA54E","id":0,"resourceStatus":{"id":"","description":"","name":""},"title":"Twitter","source":[{"HumanSource":{"id":0,"lastName":"rocselli","description":"","reputation":"","name":"@rocselli","userName":"rocselli","firstName":"rocselli","urlSocialMedia":"https:\/\/twitter.com\/rocselli"}}],"description":null,"textName":"null","createDate":"Wed Jul 15 20:15:34 +0200 2015","publishDate":null,"resourceCategories":[]}},{"Image":{"credibility":true,"imageName":"CJ-X2A7WIAAYKEo.jpg","rawData":null,"lastUpdate":null,"link":"http:\/\/pbs.twimg.com\/media\/CJ-X2A7WIAAYKEo.jpg","url":"","creator":"","id":0,"resourceStatus":{"id":"","description":"","name":""},"title":"Twitter","source":[{"HumanSource":{"id":0,"lastName":"rocselli","description":"","reputation":"","name":"@rocselli","userName":"rocselli","firstName":"rocselli","urlSocialMedia":"https:\/\/twitter.com\/rocselli"}}],"description":null,"createDate":"Wed Jul 15 20:15:34 +0200 2015","publishDate":null,"resourceCategories":[]}},{"Text":{"credibility":true,"lastUpdate":null,"url":"","creator":"","content":"RT @il_pucciarelli: Le molotov in piazza ma la polizia non carica #grexit http:\/\/t.co\/kXLYCdA54E","id":0,"resourceStatus":{"id":"","description":"","name":""},"title":"Twitter","source":[{"HumanSource":{"id":0,"lastName":"PietroRicossa","description":"","reputation":"","name":"@PietroRicossa","userName":"PietroRicossa","firstName":"PietroRicossa","urlSocialMedia":"https:\/\/twitter.com\/PietroRicossa"}}],"description":null,"textName":"null","createDate":"Wed Jul 15 20:17:01 +0200 2015","publishDate":null,"resourceCategories":[]}},{"Image":{"credibility":true,"imageName":"CJ-X2A7WIAAYKEo.jpg","rawData":null,"lastUpdate":null,"link":"http:\/\/pbs.twimg.com\/media\/CJ-X2A7WIAAYKEo.jpg","url":"","creator":"","id":0,"resourceStatus":{"id":"","description":"","name":""},"title":"Twitter","source":[{"HumanSource":{"id":0,"lastName":"PietroRicossa","description":"","reputation":"","name":"@PietroRicossa","userName":"PietroRicossa","firstName":"PietroRicossa","urlSocialMedia":"https:\/\/twitter.com\/PietroRicossa"}}],"description":null,"createDate":"Wed Jul 15 20:17:01 +0200 2015","publishDate":null,"resourceCategories":[]}},{"Text":{"credibility":true,"lastUpdate":null,"url":"","creator":"","content":"RT @il_pucciarelli: Le molotov in piazza ma la polizia non carica #grexit http:\/\/t.co\/kXLYCdA54E","id":0,"resourceStatus":{"id":"","description":"","name":""},"title":"Twitter","source":[{"HumanSource":{"id":0,"lastName":"steal61","description":"","reputation":"","name":"@steal61","userName":"steal61","firstName":"steal61","urlSocialMedia":"https:\/\/twitter.com\/steal61"}}],"description":null,"textName":"null","createDate":"Wed Jul 15 20:17:05 +0200 2015","publishDate":null,"resourceCategories":[]}},{"Image":{"credibility":true,"imageName":"CJ-X2A7WIAAYKEo.jpg","rawData":null,"lastUpdate":null,"link":"http:\/\/pbs.twimg.com\/media\/CJ-X2A7WIAAYKEo.jpg","url":"","creator":"","id":0,"resourceStatus":{"id":"","description":"","name":""},"title":"Twitter","source":[{"HumanSource":{"id":0,"lastName":"steal61","description":"","reputation":"","name":"@steal61","userName":"steal61","firstName":"steal61","urlSocialMedia":"https:\/\/twitter.com\/steal61"}}],"description":null,"createDate":"Wed Jul 15 20:17:05 +0200 2015","publishDate":null,"resourceCategories":[]}},{"Text":{"credibility":true,"lastUpdate":null,"url":"","creator":"","content":"RT @il_pucciarelli: Le molotov in piazza ma la polizia non carica #grexit http:\/\/t.co\/kXLYCdA54E","id":0,"resourceStatus":{"id":"","description":"","name":""},"title":"Twitter","source":[{"HumanSource":{"id":0,"lastName":"edosala8","description":"","reputation":"","name":"@edosala8","userName":"edosala8","firstName":"edosala8","urlSocialMedia":"https:\/\/twitter.com\/edosala8"}}],"description":null,"textName":"null","createDate":"Wed Jul 15 20:17:51 +0200 2015","publishDate":null,"resourceCategories":[]}},{"Image":{"credibility":true,"imageName":"CJ-X2A7WIAAYKEo.jpg","rawData":null,"lastUpdate":null,"link":"http:\/\/pbs.twimg.com\/media\/CJ-X2A7WIAAYKEo.jpg","url":"","creator":"","id":0,"resourceStatus":{"id":"","description":"","name":""},"title":"Twitter","source":[{"HumanSource":{"id":0,"lastName":"edosala8","description":"","reputation":"","name":"@edosala8","userName":"edosala8","firstName":"edosala8","urlSocialMedia":"https:\/\/twitter.com\/edosala8"}}],"description":null,"createDate":"Wed Jul 15 20:17:51 +0200 2015","publishDate":null,"resourceCategories":[]}}],"eventTag":[],"classified":[{"id":0,"description":"","name":"Disordini","uri":"http:\/\/secure.eng.it\/ontologySecure\/category.owl#Disordini"}],"severity":"high","entities":[],"related":[],"country":"","id":0,"administrative_area_level_2":"","administrative_area_level_1":"","description":"EVENTO COMPLESSO GENERATO DA: Evento prodotto dall'analisi dei tweets;","route":"","postal_code":0,"locality":"","radius":0.0,"street_number":0,"longitude":0.0,"latitude":0.0,"atTime":1436985475000,"circa":1436985475000}