{"credibility":false,"eventResource":[{"Text":{"credibility":true,"lastUpdate":null,"url":"","creator":"","content":"Raffiche di vento e nevischio nel territorio di #gubbio. Rami spezzati e danni a tettoie. Peggioramento in serata. #meteo #umbria","id":0,"resourceStatus":{"id":"","description":"","name":""},"title":"Twitter","source":[{"HumanSource":{"id":0,"lastName":"","description":"","reputation":"","name":"","userName":"gubbionews","firstName":"","urlSocialMedia":""}}],"description":null,"textName":"null","createDate":"Thu Mar 05 18:32:09 +0100 2015","publishDate":null,"resourceCategories":[]}}],"eventTag":[],"classified":[{"id":0,"description":"","name":"disastro","uri":null}],"severity":"high","entities":[],"related":[],"country":"","id":0,"administrative_area_level_2":"","administrative_area_level_1":"","description":"","route":"","postal_code":0,"locality":"","radius":0.0,"street_number":0,"longitude":0.0,"latitude":0.0,"atTime":1428502398000,"circa":1428502398000}