{"credibility":false,"eventResource":[{"Text":{"credibility":true,"lastUpdate":null,"url":"","creator":"","content":"Tutti in corteo con Landini contro Renzi: sventolano bandiere rosse e votano PD.Mah...","id":0,"resourceStatus":{"id":"","description":"","name":""},"title":"Twitter","source":[{"HumanSource":{"id":0,"lastName":"","description":"","reputation":"","name":"","userName":"BertulessiPaolo","firstName":"","urlSocialMedia":""}}],"description":null,"textName":"null","createDate":"Sun Mar 29 07:38:15 +0200 2015","publishDate":null,"resourceCategories":[]}},{"Text":{"credibility":true,"lastUpdate":null,"url":"","creator":"","content":"Tutti in corteo con Landini contro Renzi: sventolano bandiere rosse e votano PD.Mah...","id":0,"resourceStatus":{"id":"","description":"","name":""},"title":"Twitter","source":[{"HumanSource":{"id":0,"lastName":"","description":"","reputation":"","name":"","userName":"BertulessiPaolo","firstName":"","urlSocialMedia":""}}],"description":null,"textName":"null","createDate":"Sun Mar 29 07:38:15 +0200 2015","publishDate":null,"resourceCategories":[]}},{"Text":{"credibility":true,"lastUpdate":null,"url":"","creator":"","content":"Tutti in corteo con Landini contro Renzi: sventolano bandiere rosse e votano PD.Mah...","id":0,"resourceStatus":{"id":"","description":"","name":""},"title":"Twitter","source":[{"HumanSource":{"id":0,"lastName":"","description":"","reputation":"","name":"","userName":"BertulessiPaolo","firstName":"","urlSocialMedia":""}}],"description":null,"textName":"null","createDate":"Sun Mar 29 07:38:15 +0200 2015","publishDate":null,"resourceCategories":[]}},{"Text":{"credibility":true,"lastUpdate":null,"url":"","creator":"","content":"Tutti in corteo con Landini contro Renzi: sventolano bandiere rosse e votano PD.Mah...","id":0,"resourceStatus":{"id":"","description":"","name":""},"title":"Twitter","source":[{"HumanSource":{"id":0,"lastName":"","description":"","reputation":"","name":"","userName":"BertulessiPaolo","firstName":"","urlSocialMedia":""}}],"description":null,"textName":"null","createDate":"Sun Mar 29 07:38:15 +0200 2015","publishDate":null,"resourceCategories":[]}},{"Text":{"credibility":true,"lastUpdate":null,"url":"","creator":"","content":"Tutti in corteo con Landini contro Renzi: sventolano bandiere rosse e votano PD.Mah...","id":0,"resourceStatus":{"id":"","description":"","name":""},"title":"Twitter","source":[{"HumanSource":{"id":0,"lastName":"","description":"","reputation":"","name":"","userName":"BertulessiPaolo","firstName":"","urlSocialMedia":""}}],"description":null,"textName":"null","createDate":"Sun Mar 29 07:38:15 +0200 2015","publishDate":null,"resourceCategories":[]}},{"Text":{"credibility":true,"lastUpdate":null,"url":"","creator":"","content":"Tutti in corteo con Landini contro Renzi: sventolano bandiere rosse e votano PD.Mah...","id":0,"resourceStatus":{"id":"","description":"","name":""},"title":"Twitter","source":[{"HumanSource":{"id":0,"lastName":"","description":"","reputation":"","name":"","userName":"BertulessiPaolo","firstName":"","urlSocialMedia":""}}],"description":null,"textName":"null","createDate":"Sun Mar 29 07:38:15 +0200 2015","publishDate":null,"resourceCategories":[]}},{"Text":{"credibility":true,"lastUpdate":null,"url":"","creator":"","content":"Tutti in corteo con Landini contro Renzi: sventolano bandiere rosse e votano PD.Mah...","id":0,"resourceStatus":{"id":"","description":"","name":""},"title":"Twitter","source":[{"HumanSource":{"id":0,"lastName":"","description":"","reputation":"","name":"","userName":"BertulessiPaolo","firstName":"","urlSocialMedia":""}}],"description":null,"textName":"null","createDate":"Sun Mar 29 07:38:15 +0200 2015","publishDate":null,"resourceCategories":[]}},{"Text":{"credibility":true,"lastUpdate":null,"url":"","creator":"","content":"Tutti in corteo con Landini contro Renzi: sventolano bandiere rosse e votano PD.Mah...","id":0,"resourceStatus":{"id":"","description":"","name":""},"title":"Twitter","source":[{"HumanSource":{"id":0,"lastName":"","description":"","reputation":"","name":"","userName":"BertulessiPaolo","firstName":"","urlSocialMedia":""}}],"description":null,"textName":"null","createDate":"Sun Mar 29 07:38:15 +0200 2015","publishDate":null,"resourceCategories":[]}},{"Text":{"credibility":true,"lastUpdate":null,"url":"","creator":"","content":"Tutti in corteo con Landini contro Renzi: sventolano bandiere rosse e votano PD.Mah...","id":0,"resourceStatus":{"id":"","description":"","name":""},"title":"Twitter","source":[{"HumanSource":{"id":0,"lastName":"","description":"","reputation":"","name":"","userName":"BertulessiPaolo","firstName":"","urlSocialMedia":""}}],"description":null,"textName":"null","createDate":"Sun Mar 29 07:38:15 +0200 2015","publishDate":null,"resourceCategories":[]}},{"Text":{"credibility":true,"lastUpdate":null,"url":"","creator":"","content":"Tutti in corteo con Landini contro Renzi: sventolano bandiere rosse e votano PD.Mah...","id":0,"resourceStatus":{"id":"","description":"","name":""},"title":"Twitter","source":[{"HumanSource":{"id":0,"lastName":"","description":"","reputation":"","name":"","userName":"BertulessiPaolo","firstName":"","urlSocialMedia":""}}],"description":null,"textName":"null","createDate":"Sun Mar 29 07:38:15 +0200 2015","publishDate":null,"resourceCategories":[]}},{"Text":{"credibility":true,"lastUpdate":null,"url":"","creator":"","content":"Tutti in corteo con Landini contro Renzi: sventolano bandiere rosse e votano PD.Mah...","id":0,"resourceStatus":{"id":"","description":"","name":""},"title":"Twitter","source":[{"HumanSource":{"id":0,"lastName":"","description":"","reputation":"","name":"","userName":"BertulessiPaolo","firstName":"","urlSocialMedia":""}}],"description":null,"textName":"null","createDate":"Sun Mar 29 07:38:15 +0200 2015","publishDate":null,"resourceCategories":[]}},{"Text":{"credibility":true,"lastUpdate":null,"url":"","creator":"","content":"Tutti in corteo con Landini contro Renzi: sventolano bandiere rosse e votano PD.Mah...","id":0,"resourceStatus":{"id":"","description":"","name":""},"title":"Twitter","source":[{"HumanSource":{"id":0,"lastName":"","description":"","reputation":"","name":"","userName":"BertulessiPaolo","firstName":"","urlSocialMedia":""}}],"description":null,"textName":"null","createDate":"Sun Mar 29 07:38:15 +0200 2015","publishDate":null,"resourceCategories":[]}}],"eventTag":[],"classified":[{"id":0,"description":"","name":"affollamento","uri":null}],"severity":"high","entities":[],"related":[],"country":"","id":0,"administrative_area_level_2":"","administrative_area_level_1":"","description":"","route":"","postal_code":0,"locality":"","radius":0.0,"street_number":0,"longitude":0.0,"latitude":0.0,"atTime":1427711021000,"circa":1427711021000}