{"credibility":false,"eventResource":[{"Text":{"credibility":true,"lastUpdate":null,"url":"","creator":"","content":"4 Aprile 2015: migliaia di manifestanti alla pacifica e festosa manifestazione contro il Muos, pochissimi giorni... http:\/\/t.co\/lsll9i9aQ0","id":0,"resourceStatus":{"id":"","description":"","name":""},"title":"Twitter","source":[{"HumanSource":{"id":0,"lastName":"","description":"","reputation":"","name":"","userName":"NoMuosNotizie","firstName":"","urlSocialMedia":""}}],"description":null,"textName":"null","createDate":"Sun Apr 05 10:35:23 +0200 2015","publishDate":null,"resourceCategories":[]}}],"eventTag":[],"classified":[{"id":0,"description":"","name":"affollamento","uri":null}],"severity":"high","entities":[],"related":[],"country":"","id":0,"administrative_area_level_2":"","administrative_area_level_1":"","description":"","route":"","postal_code":0,"locality":"","radius":0.0,"street_number":0,"longitude":0.0,"latitude":0.0,"atTime":1428098400000,"circa":1428098400000}