{"credibility":false,"eventResource":[{"Text":{"credibility":true,"lastUpdate":null,"url":"","creator":"","content":"RT @ilmanifesto: Secondo il @guardian il califfo Al Baghdadi sarebbe \"seriamente ferito\" dopo un raid aereo anti #Isis","id":0,"resourceStatus":{"id":"","description":"","name":""},"title":"Twitter","source":[{"HumanSource":{"id":0,"lastName":"","description":"","reputation":"","name":"","userName":"Ramagrass","firstName":"","urlSocialMedia":""}}],"description":null,"textName":"null","createDate":"Tue Apr 21 13:45:35 +0200 2015","publishDate":null,"resourceCategories":[]}},{"Text":{"credibility":true,"lastUpdate":null,"url":"","creator":"","content":"+++ @guardian,  Baghdadi ferito gravemente a marzo, non controlla Isis. +++","id":0,"resourceStatus":{"id":"","description":"","name":""},"title":"Twitter","source":[{"HumanSource":{"id":0,"lastName":"","description":"","reputation":"","name":"","userName":"ClaudioANSA","firstName":"","urlSocialMedia":""}}],"description":null,"textName":"null","createDate":"Tue Apr 21 13:49:05 +0200 2015","publishDate":null,"resourceCategories":[]}},{"Text":{"credibility":true,"lastUpdate":null,"url":"","creator":"","content":"RT @ClaudioANSA: +++ @guardian,  Baghdadi ferito gravemente a marzo, non controlla Isis. +++","id":0,"resourceStatus":{"id":"","description":"","name":""},"title":"Twitter","source":[{"HumanSource":{"id":0,"lastName":"","description":"","reputation":"","name":"","userName":"ziowalter1973","firstName":"","urlSocialMedia":""}}],"description":null,"textName":"null","createDate":"Tue Apr 21 13:49:35 +0200 2015","publishDate":null,"resourceCategories":[]}},{"Text":{"credibility":true,"lastUpdate":null,"url":"","creator":"","content":"RT @ClaudioANSA: +++ @guardian,  Baghdadi ferito gravemente a marzo, non controlla Isis. +++","id":0,"resourceStatus":{"id":"","description":"","name":""},"title":"Twitter","source":[{"HumanSource":{"id":0,"lastName":"","description":"","reputation":"","name":"","userName":"lauracesaretti1","firstName":"","urlSocialMedia":""}}],"description":null,"textName":"null","createDate":"Tue Apr 21 13:52:17 +0200 2015","publishDate":null,"resourceCategories":[]}},{"Text":{"credibility":true,"lastUpdate":null,"url":"","creator":"","content":"RT @ClaudioANSA: +++ @guardian,  Baghdadi ferito gravemente a marzo, non controlla Isis. +++","id":0,"resourceStatus":{"id":"","description":"","name":""},"title":"Twitter","source":[{"HumanSource":{"id":0,"lastName":"","description":"","reputation":"","name":"","userName":"scuroscuroscuro","firstName":"","urlSocialMedia":""}}],"description":null,"textName":"null","createDate":"Tue Apr 21 13:52:54 +0200 2015","publishDate":null,"resourceCategories":[]}},{"Text":{"credibility":true,"lastUpdate":null,"url":"","creator":"","content":"Se Guardian dice il vero, ultime sconfitte #ISIS si potrebbero spiegare anche così. Senza il Califfo ferito è dura http:\/\/t.co\/YbI1TjdJ50","id":0,"resourceStatus":{"id":"","description":"","name":""},"title":"Twitter","source":[{"HumanSource":{"id":0,"lastName":"","description":"","reputation":"","name":"","userName":"antoguerrera","firstName":"","urlSocialMedia":""}}],"description":null,"textName":"null","createDate":"Tue Apr 21 13:53:00 +0200 2015","publishDate":null,"resourceCategories":[]}}],"eventTag":[],"classified":[{"id":0,"description":"","name":"disordini","uri":null}],"severity":"high","entities":[],"related":[],"country":"","id":0,"administrative_area_level_2":"","administrative_area_level_1":"","description":"EVENTO COMPLESSO GENERATO DA: Evento prodotto dall'analisi dei tweets;","route":"","postal_code":0,"locality":"","radius":0.0,"street_number":0,"longitude":0.0,"latitude":0.0,"atTime":1429618558000,"circa":1429618558000}