{"credibility":false,"eventResource":[{"Text":{"credibility":true,"lastUpdate":null,"url":"","creator":"","content":"RT @Ansa_Umbria: Incendio in carrozzeria, ferito un uomo - E' successo poco prima di mezzogiorno a Ponte Felcino http:\/\/t.co\/kRlYX5spQt","id":0,"resourceStatus":{"id":"","description":"","name":""},"title":"Twitter","source":[{"HumanSource":{"id":0,"lastName":"","description":"","reputation":"","name":"","userName":"bastianelli_cla","firstName":"","urlSocialMedia":""}}],"description":null,"textName":"null","createDate":"Sat Apr 04 14:06:04 +0200 2015","publishDate":null,"resourceCategories":[]}}],"eventTag":[],"classified":[{"id":0,"description":"","name":"violenza_fisica","uri":null}],"severity":"high","entities":[],"related":[],"country":"","id":0,"administrative_area_level_2":"","administrative_area_level_1":"","description":"","route":"","postal_code":0,"locality":"","radius":0.0,"street_number":0,"longitude":0.0,"latitude":0.0,"atTime":1428150209000,"circa":1428150209000}