{"credibility":false,"eventResource":[{"Text":{"credibility":true,"lastUpdate":null,"url":"","creator":"","content":"Mentre voi ridete, là fuori c'è un corteo contro le scie chimiche.","id":0,"resourceStatus":{"id":"","description":"","name":""},"title":"Twitter","source":[{"HumanSource":{"id":0,"lastName":"","description":"","reputation":"","name":"","userName":"lddio","firstName":"","urlSocialMedia":""}}],"description":null,"textName":"null","createDate":"Sat Apr 18 19:14:15 +0200 2015","publishDate":null,"resourceCategories":[]}},{"Text":{"credibility":true,"lastUpdate":null,"url":"","creator":"","content":"RT @lddio: Mentre voi ridete, là fuori c'è un corteo contro le scie chimiche.","id":0,"resourceStatus":{"id":"","description":"","name":""},"title":"Twitter","source":[{"HumanSource":{"id":0,"lastName":"","description":"","reputation":"","name":"","userName":"gustamiblog","firstName":"","urlSocialMedia":""}}],"description":null,"textName":"null","createDate":"Sat Apr 18 19:14:29 +0200 2015","publishDate":null,"resourceCategories":[]}},{"Text":{"credibility":true,"lastUpdate":null,"url":"","creator":"","content":"RT @lddio: Mentre voi ridete, là fuori c'è un corteo contro le scie chimiche.","id":0,"resourceStatus":{"id":"","description":"","name":""},"title":"Twitter","source":[{"HumanSource":{"id":0,"lastName":"","description":"","reputation":"","name":"","userName":"ParidePalumbo","firstName":"","urlSocialMedia":""}}],"description":null,"textName":"null","createDate":"Sat Apr 18 19:14:41 +0200 2015","publishDate":null,"resourceCategories":[]}},{"Text":{"credibility":true,"lastUpdate":null,"url":"","creator":"","content":"RT @lddio: Mentre voi ridete, là fuori c'è un corteo contro le scie chimiche.","id":0,"resourceStatus":{"id":"","description":"","name":""},"title":"Twitter","source":[{"HumanSource":{"id":0,"lastName":"","description":"","reputation":"","name":"","userName":"EdwardRedfern","firstName":"","urlSocialMedia":""}}],"description":null,"textName":"null","createDate":"Sat Apr 18 19:15:08 +0200 2015","publishDate":null,"resourceCategories":[]}},{"Text":{"credibility":true,"lastUpdate":null,"url":"","creator":"","content":"RT @lddio: Mentre voi ridete, là fuori c'è un corteo contro le scie chimiche.","id":0,"resourceStatus":{"id":"","description":"","name":""},"title":"Twitter","source":[{"HumanSource":{"id":0,"lastName":"","description":"","reputation":"","name":"","userName":"GiuseppeSarao","firstName":"","urlSocialMedia":""}}],"description":null,"textName":"null","createDate":"Sat Apr 18 19:15:39 +0200 2015","publishDate":null,"resourceCategories":[]}},{"Text":{"credibility":true,"lastUpdate":null,"url":"","creator":"","content":"RT @lddio: Mentre voi ridete, là fuori c'è un corteo contro le scie chimiche.","id":0,"resourceStatus":{"id":"","description":"","name":""},"title":"Twitter","source":[{"HumanSource":{"id":0,"lastName":"","description":"","reputation":"","name":"","userName":"NildePaonessa","firstName":"","urlSocialMedia":""}}],"description":null,"textName":"null","createDate":"Sat Apr 18 19:15:41 +0200 2015","publishDate":null,"resourceCategories":[]}},{"Text":{"credibility":true,"lastUpdate":null,"url":"","creator":"","content":"RT @lddio: Mentre voi ridete, là fuori c'è un corteo contro le scie chimiche.","id":0,"resourceStatus":{"id":"","description":"","name":""},"title":"Twitter","source":[{"HumanSource":{"id":0,"lastName":"","description":"","reputation":"","name":"","userName":"antonio_aleo","firstName":"","urlSocialMedia":""}}],"description":null,"textName":"null","createDate":"Sat Apr 18 19:15:42 +0200 2015","publishDate":null,"resourceCategories":[]}},{"Text":{"credibility":true,"lastUpdate":null,"url":"","creator":"","content":"RT @lddio: Mentre voi ridete, là fuori c'è un corteo contro le scie chimiche.","id":0,"resourceStatus":{"id":"","description":"","name":""},"title":"Twitter","source":[{"HumanSource":{"id":0,"lastName":"","description":"","reputation":"","name":"","userName":"CialeX","firstName":"","urlSocialMedia":""}}],"description":null,"textName":"null","createDate":"Sat Apr 18 19:15:44 +0200 2015","publishDate":null,"resourceCategories":[]}},{"Text":{"credibility":true,"lastUpdate":null,"url":"","creator":"","content":"RT @lddio: Mentre voi ridete, là fuori c'è un corteo contro le scie chimiche.","id":0,"resourceStatus":{"id":"","description":"","name":""},"title":"Twitter","source":[{"HumanSource":{"id":0,"lastName":"","description":"","reputation":"","name":"","userName":"TheMestanefra","firstName":"","urlSocialMedia":""}}],"description":null,"textName":"null","createDate":"Sat Apr 18 19:15:48 +0200 2015","publishDate":null,"resourceCategories":[]}},{"Text":{"credibility":true,"lastUpdate":null,"url":"","creator":"","content":"RT @lddio: Mentre voi ridete, là fuori c'è un corteo contro le scie chimiche.","id":0,"resourceStatus":{"id":"","description":"","name":""},"title":"Twitter","source":[{"HumanSource":{"id":0,"lastName":"","description":"","reputation":"","name":"","userName":"barons__","firstName":"","urlSocialMedia":""}}],"description":null,"textName":"null","createDate":"Sat Apr 18 19:16:08 +0200 2015","publishDate":null,"resourceCategories":[]}}],"eventTag":[],"classified":[{"id":0,"description":"","name":"affollamento","uri":null}],"severity":"high","entities":[],"related":[],"country":"","id":0,"administrative_area_level_2":"","administrative_area_level_1":"","description":"EVENTO COMPLESSO GENERATO DA: Evento prodotto dall'analisi dei tweets;","route":"","postal_code":0,"locality":"","radius":0.0,"street_number":0,"longitude":0.0,"latitude":0.0,"atTime":1429378762000,"circa":1429378762000}