{"credibility":false,"eventResource":[{"Text":{"credibility":true,"lastUpdate":null,"url":"","creator":"","content":"RT @fmf7177: Il Notariato, vanto dell'ordinamento italiano, da sempre a presidio dei diritti dei cittadini, cancellato a colpi di ddl! #rot\u2026","id":0,"resourceStatus":{"id":"","description":"","name":""},"title":"Twitter","source":[{"HumanSource":{"id":0,"lastName":"AntoClocchiatti","description":"","reputation":"","name":"@AntoClocchiatti","userName":"AntoClocchiatti","firstName":"AntoClocchiatti","urlSocialMedia":"https:\/\/twitter.com\/AntoClocchiatti"}}],"description":null,"textName":"null","createDate":"Thu Mar 05 05:48:17 +0100 2015","publishDate":null,"resourceCategories":[]}}],"eventTag":[],"classified":[{"id":0,"description":"","name":"violenza_fisica","uri":null}],"severity":"high","entities":[],"related":[],"country":"","id":0,"administrative_area_level_2":"","administrative_area_level_1":"","description":"EVENTO COMPLESSO GENERATO DA: Evento prodotto dall'analisi dei tweets;","route":"","postal_code":0,"locality":"","radius":0.0,"street_number":0,"longitude":0.0,"latitude":0.0,"atTime":1429628835000,"circa":1429628835000}