{"credibility":false,"eventResource":[{"Text":{"credibility":true,"lastUpdate":null,"url":"","creator":"","content":"Il dolore dei parenti delle persone scomparse alla manifestazione. La sofferenza è palpabile.  #chilhavisto","id":0,"resourceStatus":{"id":"","description":"","name":""},"title":"Twitter","source":[{"HumanSource":{"id":0,"lastName":"PoClaudia","description":"","reputation":"","name":"@PoClaudia","userName":"PoClaudia","firstName":"PoClaudia","urlSocialMedia":"https:\/\/twitter.com\/PoClaudia"}}],"description":null,"textName":"null","createDate":"Wed Jun 17 21:19:46 +0200 2015","publishDate":null,"resourceCategories":[]}},{"Text":{"credibility":true,"lastUpdate":null,"url":"","creator":"","content":"#chilhavisto Molto bella la manifestazione, molto toccanti le testimonianze, molte le persone scomparse ma una certezza: che pere la Sciary!","id":0,"resourceStatus":{"id":"","description":"","name":""},"title":"Twitter","source":[{"HumanSource":{"id":0,"lastName":"SpiderJer","description":"","reputation":"","name":"@SpiderJer","userName":"SpiderJer","firstName":"SpiderJer","urlSocialMedia":"https:\/\/twitter.com\/SpiderJer"}}],"description":null,"textName":"null","createDate":"Wed Jun 17 21:19:52 +0200 2015","publishDate":null,"resourceCategories":[]}}],"eventTag":[],"classified":[{"id":0,"description":"","name":"Manifestazione","uri":"http:\/\/secure.eng.it\/ontologySecure\/category.owl#\/Manifestazione"}],"severity":"Medium","entities":[],"related":[],"country":"","id":0,"administrative_area_level_2":"","administrative_area_level_1":"","description":"EVENTO COMPLESSO GENERATO DA: Evento prodotto dall'analisi dei tweets;","route":"","postal_code":0,"locality":"","radius":0.0,"street_number":0,"longitude":0.0,"latitude":0.0,"atTime":1434570110000,"circa":1434570110000}