{"credibility":false,"eventResource":[{"Text":{"credibility":true,"lastUpdate":null,"url":"","creator":"","content":"Incidente #Battistini A breve il corteo di #Casapound Ora in piazza gli esponenti dei centri sociali Alta tensione:  http:\/\/t.co\/e5Ikp4U6ff","id":0,"resourceStatus":{"id":"","description":"","name":""},"title":"Twitter","source":[{"HumanSource":{"id":0,"lastName":"YouReporter","description":"","reputation":"","name":"@YouReporter","userName":"YouReporter","firstName":"YouReporter","urlSocialMedia":"https:\/\/twitter.com\/YouReporter"}}],"description":null,"textName":"null","createDate":"Wed Jun 03 17:15:42 +0200 2015","publishDate":null,"resourceCategories":[]}},{"Text":{"credibility":true,"lastUpdate":null,"url":"","creator":"","content":"RT @YouReporter: Incidente #Battistini A breve il corteo di #Casapound Ora in piazza gli esponenti dei centri sociali Alta tensione:  http:\u2026","id":0,"resourceStatus":{"id":"","description":"","name":""},"title":"Twitter","source":[{"HumanSource":{"id":0,"lastName":"ulissesempre","description":"","reputation":"","name":"@ulissesempre","userName":"ulissesempre","firstName":"ulissesempre","urlSocialMedia":"https:\/\/twitter.com\/ulissesempre"}}],"description":null,"textName":"null","createDate":"Wed Jun 03 17:16:22 +0200 2015","publishDate":null,"resourceCategories":[]}},{"Text":{"credibility":true,"lastUpdate":null,"url":"","creator":"","content":"Il presidio di #Battistini caricato dalla polizia per garantire la piazza alle merde di #Casapound","id":0,"resourceStatus":{"id":"","description":"","name":""},"title":"Twitter","source":[{"HumanSource":{"id":0,"lastName":"dost_aut","description":"","reputation":"","name":"@dost_aut","userName":"dost_aut","firstName":"dost_aut","urlSocialMedia":"https:\/\/twitter.com\/dost_aut"}}],"description":null,"textName":"null","createDate":"Wed Jun 03 17:18:57 +0200 2015","publishDate":null,"resourceCategories":[]}},{"Text":{"credibility":true,"lastUpdate":null,"url":"","creator":"","content":"RT @dost_aut: Il presidio di #Battistini caricato dalla polizia per garantire la piazza alle merde di #Casapound","id":0,"resourceStatus":{"id":"","description":"","name":""},"title":"Twitter","source":[{"HumanSource":{"id":0,"lastName":"frontiere_zero","description":"","reputation":"","name":"@frontiere_zero","userName":"frontiere_zero","firstName":"frontiere_zero","urlSocialMedia":"https:\/\/twitter.com\/frontiere_zero"}}],"description":null,"textName":"null","createDate":"Wed Jun 03 17:19:26 +0200 2015","publishDate":null,"resourceCategories":[]}},{"Text":{"credibility":true,"lastUpdate":null,"url":"","creator":"","content":"RT @dost_aut: Il presidio di #Battistini caricato dalla polizia per garantire la piazza alle merde di #Casapound","id":0,"resourceStatus":{"id":"","description":"","name":""},"title":"Twitter","source":[{"HumanSource":{"id":0,"lastName":"ma__va","description":"","reputation":"","name":"@ma__va","userName":"ma__va","firstName":"ma__va","urlSocialMedia":"https:\/\/twitter.com\/ma__va"}}],"description":null,"textName":"null","createDate":"Wed Jun 03 17:19:53 +0200 2015","publishDate":null,"resourceCategories":[]}},{"Text":{"credibility":true,"lastUpdate":null,"url":"","creator":"","content":"RT @dost_aut: Il presidio di #Battistini caricato dalla polizia per garantire la piazza alle merde di #Casapound","id":0,"resourceStatus":{"id":"","description":"","name":""},"title":"Twitter","source":[{"HumanSource":{"id":0,"lastName":"Detta_Lalla","description":"","reputation":"","name":"@Detta_Lalla","userName":"Detta_Lalla","firstName":"Detta_Lalla","urlSocialMedia":"https:\/\/twitter.com\/Detta_Lalla"}}],"description":null,"textName":"null","createDate":"Wed Jun 03 17:20:42 +0200 2015","publishDate":null,"resourceCategories":[]}}],"eventTag":[],"classified":[{"id":0,"description":"","name":"Manifestazione","uri":"http:\/\/secure.eng.it\/ontologySecure\/category.owl#\/Manifestazione"}],"severity":"Medium","entities":[],"related":[],"country":"","id":0,"administrative_area_level_2":"","administrative_area_level_1":"","description":"EVENTO COMPLESSO GENERATO DA: Evento prodotto dall'analisi dei tweets;","route":"","postal_code":0,"locality":"","radius":0.0,"street_number":0,"longitude":0.0,"latitude":0.0,"atTime":1433346284000,"circa":1433346284000}