{"credibility":false,"eventResource":[{"Text":{"credibility":true,"lastUpdate":null,"url":"","creator":"","content":"Claudia Bellocchi (Lega Nord): #RomaPride strumentalizzato da Marino, il corteo dovrebbe\u2026 http:\/\/t.co\/zl9KIwDZt4","id":0,"resourceStatus":{"id":"","description":"","name":""},"title":"Twitter","source":[{"HumanSource":{"id":0,"lastName":"intollerantenet","description":"","reputation":"","name":"@intollerantenet","userName":"intollerantenet","firstName":"intollerantenet","urlSocialMedia":"https:\/\/twitter.com\/intollerantenet"}}],"description":null,"textName":"null","createDate":"Sat Jun 13 14:12:44 +0200 2015","publishDate":null,"resourceCategories":[]}},{"Text":{"credibility":true,"lastUpdate":null,"url":"","creator":"","content":"Claudia Bellocchi (Lega Nord): #RomaPride strumentalizzato da Marino, il corteo dovrebbe\u2026 http:\/\/t.co\/zl9KIwDZt4","id":0,"resourceStatus":{"id":"","description":"","name":""},"title":"Twitter","source":[{"HumanSource":{"id":0,"lastName":"intollerantenet","description":"","reputation":"","name":"@intollerantenet","userName":"intollerantenet","firstName":"intollerantenet","urlSocialMedia":"https:\/\/twitter.com\/intollerantenet"}}],"description":null,"textName":"null","createDate":"Sat Jun 13 14:12:53 +0200 2015","publishDate":null,"resourceCategories":[]}},{"Text":{"credibility":true,"lastUpdate":null,"url":"","creator":"","content":"RT @intollerantenet: Claudia Bellocchi (Lega Nord): #RomaPride strumentalizzato da Marino, il corteo dovrebbe\u2026 http:\/\/t.co\/zl9KIwDZt4","id":0,"resourceStatus":{"id":"","description":"","name":""},"title":"Twitter","source":[{"HumanSource":{"id":0,"lastName":"ElGeneralpk","description":"","reputation":"","name":"@ElGeneralpk","userName":"ElGeneralpk","firstName":"ElGeneralpk","urlSocialMedia":"https:\/\/twitter.com\/ElGeneralpk"}}],"description":null,"textName":"null","createDate":"Sat Jun 13 14:13:08 +0200 2015","publishDate":null,"resourceCategories":[]}},{"Text":{"credibility":true,"lastUpdate":null,"url":"","creator":"","content":"Claudia Bellocchi (Lega Nord): #RomaPride strumentalizzato da Marino, il corteo dovrebbe\u2026 http:\/\/t.co\/h7Jt0LpHY8","id":0,"resourceStatus":{"id":"","description":"","name":""},"title":"Twitter","source":[{"HumanSource":{"id":0,"lastName":"legadellelibert","description":"","reputation":"","name":"@legadellelibert","userName":"legadellelibert","firstName":"legadellelibert","urlSocialMedia":"https:\/\/twitter.com\/legadellelibert"}}],"description":null,"textName":"null","createDate":"Sat Jun 13 14:13:23 +0200 2015","publishDate":null,"resourceCategories":[]}},{"Text":{"credibility":true,"lastUpdate":null,"url":"","creator":"","content":"Claudia Bellocchi (Lega Nord): #RomaPride strumentalizzato da Marino, il corteo dovrebbe\u2026 http:\/\/t.co\/E0tmGmOPBJ","id":0,"resourceStatus":{"id":"","description":"","name":""},"title":"Twitter","source":[{"HumanSource":{"id":0,"lastName":"LxLAnguillara","description":"","reputation":"","name":"@LxLAnguillara","userName":"LxLAnguillara","firstName":"LxLAnguillara","urlSocialMedia":"https:\/\/twitter.com\/LxLAnguillara"}}],"description":null,"textName":"null","createDate":"Sat Jun 13 14:13:37 +0200 2015","publishDate":null,"resourceCategories":[]}},{"Text":{"credibility":true,"lastUpdate":null,"url":"","creator":"","content":"RT @intollerantenet: Claudia Bellocchi (Lega Nord): #RomaPride strumentalizzato da Marino, il corteo dovrebbe\u2026 http:\/\/t.co\/zl9KIwDZt4","id":0,"resourceStatus":{"id":"","description":"","name":""},"title":"Twitter","source":[{"HumanSource":{"id":0,"lastName":"clabellocchi","description":"","reputation":"","name":"@clabellocchi","userName":"clabellocchi","firstName":"clabellocchi","urlSocialMedia":"https:\/\/twitter.com\/clabellocchi"}}],"description":null,"textName":"null","createDate":"Sat Jun 13 14:13:46 +0200 2015","publishDate":null,"resourceCategories":[]}},{"Text":{"credibility":true,"lastUpdate":null,"url":"","creator":"","content":"Claudia Bellocchi (Lega Nord): #RomaPride strumentalizzato da Marino, il corteo dovrebbe\u2026 http:\/\/t.co\/UGlz83nGjP","id":0,"resourceStatus":{"id":"","description":"","name":""},"title":"Twitter","source":[{"HumanSource":{"id":0,"lastName":"ItaliaSicuraTW","description":"","reputation":"","name":"@ItaliaSicuraTW","userName":"ItaliaSicuraTW","firstName":"ItaliaSicuraTW","urlSocialMedia":"https:\/\/twitter.com\/ItaliaSicuraTW"}}],"description":null,"textName":"null","createDate":"Sat Jun 13 14:14:18 +0200 2015","publishDate":null,"resourceCategories":[]}},{"Text":{"credibility":true,"lastUpdate":null,"url":"","creator":"","content":"Claudia Bellocchi (Lega Nord): #RomaPride strumentalizzato da Marino, il corteo dovrebbe finire a Regina Coeli http:\/\/t.co\/J7fZGeKqsT","id":0,"resourceStatus":{"id":"","description":"","name":""},"title":"Twitter","source":[{"HumanSource":{"id":0,"lastName":"DanieeFioretto","description":"","reputation":"","name":"@DanieeFioretto","userName":"DanieeFioretto","firstName":"DanieeFioretto","urlSocialMedia":"https:\/\/twitter.com\/DanieeFioretto"}}],"description":null,"textName":"null","createDate":"Sat Jun 13 14:15:01 +0200 2015","publishDate":null,"resourceCategories":[]}},{"Text":{"credibility":true,"lastUpdate":null,"url":"","creator":"","content":"Claudia Bellocchi (Lega Nord): #RomaPride strumentalizzato da Marino, il corteo dovrebbe finire a Regina Coeli http:\/\/t.co\/UGlz83nGjP","id":0,"resourceStatus":{"id":"","description":"","name":""},"title":"Twitter","source":[{"HumanSource":{"id":0,"lastName":"ItaliaSicuraTW","description":"","reputation":"","name":"@ItaliaSicuraTW","userName":"ItaliaSicuraTW","firstName":"ItaliaSicuraTW","urlSocialMedia":"https:\/\/twitter.com\/ItaliaSicuraTW"}}],"description":null,"textName":"null","createDate":"Sat Jun 13 14:15:28 +0200 2015","publishDate":null,"resourceCategories":[]}},{"Text":{"credibility":true,"lastUpdate":null,"url":"","creator":"","content":"Claudia Bellocchi (Lega Nord): #RomaPride strumentalizzato da Marino, il corteo dovrebbe finire a Regina Coeli http:\/\/t.co\/h7Jt0LpHY8","id":0,"resourceStatus":{"id":"","description":"","name":""},"title":"Twitter","source":[{"HumanSource":{"id":0,"lastName":"legadellelibert","description":"","reputation":"","name":"@legadellelibert","userName":"legadellelibert","firstName":"legadellelibert","urlSocialMedia":"https:\/\/twitter.com\/legadellelibert"}}],"description":null,"textName":"null","createDate":"Sat Jun 13 14:15:38 +0200 2015","publishDate":null,"resourceCategories":[]}},{"Text":{"credibility":true,"lastUpdate":null,"url":"","creator":"","content":"Claudia Bellocchi (Lega Nord): #RomaPride strumentalizzato da Marino, il corteo dovrebbe finire a Regina Coeli http:\/\/t.co\/BObu9bjN26","id":0,"resourceStatus":{"id":"","description":"","name":""},"title":"Twitter","source":[{"HumanSource":{"id":0,"lastName":"clabellocchi","description":"","reputation":"","name":"@clabellocchi","userName":"clabellocchi","firstName":"clabellocchi","urlSocialMedia":"https:\/\/twitter.com\/clabellocchi"}}],"description":null,"textName":"null","createDate":"Sat Jun 13 14:15:55 +0200 2015","publishDate":null,"resourceCategories":[]}},{"Text":{"credibility":true,"lastUpdate":null,"url":"","creator":"","content":"Claudia Bellocchi (Lega Nord): #RomaPride strumentalizzato da Marino, il corteo dovrebbe finire a Regina Coeli http:\/\/t.co\/NSUQUxzzub","id":0,"resourceStatus":{"id":"","description":"","name":""},"title":"Twitter","source":[{"HumanSource":{"id":0,"lastName":"LegaLazio","description":"","reputation":"","name":"@LegaLazio","userName":"LegaLazio","firstName":"LegaLazio","urlSocialMedia":"https:\/\/twitter.com\/LegaLazio"}}],"description":null,"textName":"null","createDate":"Sat Jun 13 14:16:12 +0200 2015","publishDate":null,"resourceCategories":[]}}],"eventTag":[],"classified":[{"id":0,"description":"","name":"Assembramento","uri":"http:\/\/secure.eng.it\/ontologySecure\/category.owl#Assembramento"}],"severity":"high","entities":[],"related":[],"country":"","id":0,"administrative_area_level_2":"","administrative_area_level_1":"","description":"EVENTO COMPLESSO GENERATO DA: Evento prodotto dall'analisi dei tweets;","route":"","postal_code":0,"locality":"","radius":0.0,"street_number":0,"longitude":0.0,"latitude":0.0,"atTime":1434198851000,"circa":1434198851000}