{"credibility":false,"eventResource":[{"Text":{"id":1378,"title":"Anomaly SensorNode S01-S02-S03","url":"http:\/\/150.217.17.199:81\/secureNodeService\/getSensorNode?name=SensorNodePisa","description":"Anomalia SensorNode  - Sensore Presenza","creator":"SensorNodeSource","publishDate":"1429612811620","createDate":"1429612811620","lastUpdate":null,"credibility":true,"acquisitionDate":1429612874033,"resourceStatus":{"id":3,"name":"ANALYZED","description":"Reource Analyzed"},"source":[{"SensorNodeSource":{"id":9,"name":"SensorNodePisa","description":"","reputation":"1.0","status":{"id":1,"name":"AVAILABLE","description":"Source Available"},"category":[],"sourceTag":[],"sensorID":"0","url":"https:\/\/150.217.17.199:81\/secureNodeService\/getSensorNode","sensorList":[{"id":8,"sensorType":"Sensore Presenza","sensorStatus":true,"description":"Sensore Presenza (S03_CH2)","threshold":"25","thresholdMin":"0","thresholdMax":"40"},{"id":11,"sensorType":"Sensore Prossimita","sensorStatus":true,"description":"Sensore Prossimita (S03_CH1)","threshold":"30","thresholdMin":"30","thresholdMax":"300"},{"id":10,"sensorType":"Accelerometro CH1","sensorStatus":true,"description":"Accelerometro CH1 (S01_CH1)","threshold":"-20","thresholdMin":"-69","thresholdMax":"-46"},{"id":7,"sensorType":"Radar Doppler Avvicinamento","sensorStatus":true,"description":"Radar Doppler CH2 (S02_CH2)","threshold":"-105","thresholdMin":"-120","thresholdMax":"-90"},{"id":12,"sensorType":"Radar Doppler Allontanamento","sensorStatus":true,"description":"Radar Doppler CH1 (S02_CH1)","threshold":"-105","thresholdMin":"-120","thresholdMax":"-90"},{"id":9,"sensorType":"Accelerometro CH2","sensorStatus":true,"description":"Accelerometro CH2 (S01_CH2)","threshold":"-50","thresholdMin":"-69","thresholdMax":"-46"}]}}],"resourceCategories":[],"textName":"","content":"Il sensore Sensore Presenza ha rivelato una anomalia"}}],"eventTag":[],"classified":[{"id":0,"description":"","name":"Rilevamento Persone","uri":null}],"severity":"high","entities":[],"related":[],"country":"","id":0,"administrative_area_level_2":"","administrative_area_level_1":"","description":"EVENTO COMPLESSO GENERATO DA: Allarme SECURE! SENSOR NETWORK - Piazza dei Miracoli - Pisa;","route":"","postal_code":0,"locality":"","radius":0.0,"street_number":0,"longitude":10.394724,"latitude":43.723225,"atTime":1429612811000,"circa":1429612811000}