{"credibility":false,"eventResource":[{"Text":{"credibility":true,"lastUpdate":null,"url":"","creator":"","content":"Si vogliono integrare, diamogli le #case!\n#Roma: pompiere ferito da una sassata mentre spegne incendio al campo rom http:\/\/t.co\/NV0dy7kVeH","id":0,"resourceStatus":{"id":"","description":"","name":""},"title":"Twitter","source":[{"HumanSource":{"id":0,"lastName":"RogerHalsted","description":"","reputation":"","name":"@RogerHalsted","userName":"RogerHalsted","firstName":"RogerHalsted","urlSocialMedia":"https:\/\/twitter.com\/RogerHalsted"}}],"description":null,"textName":"null","createDate":"Sat May 16 10:41:05 +0200 2015","publishDate":null,"resourceCategories":[]}},{"Text":{"credibility":true,"lastUpdate":null,"url":"","creator":"","content":"RT @RogerHalsted: Si vogliono integrare, diamogli le #case!\n#Roma: pompiere ferito da una sassata mentre spegne incendio al campo rom http:\u2026","id":0,"resourceStatus":{"id":"","description":"","name":""},"title":"Twitter","source":[{"HumanSource":{"id":0,"lastName":"Massi_Dubai","description":"","reputation":"","name":"@Massi_Dubai","userName":"Massi_Dubai","firstName":"Massi_Dubai","urlSocialMedia":"https:\/\/twitter.com\/Massi_Dubai"}}],"description":null,"textName":"null","createDate":"Sat May 16 10:41:36 +0200 2015","publishDate":null,"resourceCategories":[]}}],"eventTag":[],"classified":[{"id":0,"description":"","name":"Incidente Industriale","uri":"http:\/\/secure.eng.it\/ontologySecure\/category.owl#\/Incidente_Industriale"}],"severity":"High","entities":[],"related":[],"country":"","id":0,"administrative_area_level_2":"","administrative_area_level_1":"","description":"EVENTO COMPLESSO GENERATO DA: Evento prodotto dall'analisi dei tweets;","route":"","postal_code":0,"locality":"","radius":0.0,"street_number":0,"longitude":0.0,"latitude":0.0,"atTime":1432203303000,"circa":1432203303000}