{"credibility":false,"eventResource":[],"eventTag":[],"classified":[{"id":0,"description":"","name":"Scippo","uri":"http:\/\/secure.eng.it\/ontologySecure\/category.owl#\/Scippo"}],"severity":"high","entities":[],"related":[],"country":"","id":0,"administrative_area_level_2":"","administrative_area_level_1":"","description":"EVENTO COMPLESSO GENERATO DA: ;","route":"","postal_code":0,"locality":"","radius":0.0,"street_number":0,"longitude":0.0,"latitude":0.0,"atTime":1429263675000,"circa":1429263675000}