{"credibility":false,"eventResource":[{"Text":{"credibility":true,"lastUpdate":null,"url":"","creator":"","content":"Buona domenica tesorini\/e altra notte in bianco tra il caldo e i pompieri dietro casa ci mancava pure l'incendio... http:\/\/t.co\/25rXHU47R3","id":0,"resourceStatus":{"id":"","description":"","name":""},"title":"Twitter","source":[{"HumanSource":{"id":0,"lastName":"PaolaCaramelli","description":"","reputation":"","name":"@PaolaCaramelli","userName":"PaolaCaramelli","firstName":"PaolaCaramelli","urlSocialMedia":"https:\/\/twitter.com\/PaolaCaramelli"}}],"description":null,"textName":"null","createDate":"Sun Jul 19 07:15:36 +0200 2015","publishDate":null,"resourceCategories":[]}}],"eventTag":[],"classified":[{"id":0,"description":"","name":"Incidente Industriale","uri":"http:\/\/secure.eng.it\/ontologySecure\/category.owl#Incidente_Industriale"}],"severity":"High","entities":[],"related":[],"country":"","id":0,"administrative_area_level_2":"","administrative_area_level_1":"","description":"EVENTO COMPLESSO GENERATO DA: Evento prodotto dall'analisi dei tweets;","route":"","postal_code":0,"locality":"","radius":0.0,"street_number":0,"longitude":0.0,"latitude":0.0,"atTime":1437284669000,"circa":1437284669000}