{"credibility":false,"eventResource":[{"Text":{"credibility":true,"lastUpdate":null,"url":"","creator":"","content":"#Funder35 presentato nell'ambito della manifestazione @MarinaDiLibri a Palermo, a cura di #premioMondello http:\/\/t.co\/W4sWbSoGLg","id":0,"resourceStatus":{"id":"","description":"","name":""},"title":"Twitter","source":[{"HumanSource":{"id":0,"lastName":"Funder35","description":"","reputation":"","name":"@Funder35","userName":"Funder35","firstName":"Funder35","urlSocialMedia":"https:\/\/twitter.com\/Funder35"}}],"description":null,"textName":"null","createDate":"Mon Jun 08 21:00:18 +0200 2015","publishDate":null,"resourceCategories":[]}}],"eventTag":[],"classified":[{"id":0,"description":"","name":"Assembramento","uri":"http:\/\/secure.eng.it\/ontologySecure\/category.owl#Assembramento"}],"severity":"high","entities":[],"related":[],"country":"","id":0,"administrative_area_level_2":"","administrative_area_level_1":"","description":"EVENTO COMPLESSO GENERATO DA: Evento prodotto dall'analisi dei tweets;","route":"","postal_code":0,"locality":"","radius":0.0,"street_number":0,"longitude":0.0,"latitude":0.0,"atTime":1433791510000,"circa":1433791510000}