{"credibility":false,"eventResource":[{"Text":{"credibility":true,"lastUpdate":null,"url":"","creator":"","content":"Terremoto L\u2019Aquila: in 10mila al corteo per non dimenticare http:\/\/t.co\/or6VECiITA","id":0,"resourceStatus":{"id":"","description":"","name":""},"title":"Twitter","source":[{"HumanSource":{"id":0,"lastName":"","description":"","reputation":"","name":"","userName":"ultimanot","firstName":"","urlSocialMedia":""}}],"description":null,"textName":"null","createDate":"Mon Apr 06 08:16:37 +0200 2015","publishDate":null,"resourceCategories":[]}},{"Text":{"credibility":true,"lastUpdate":null,"url":"","creator":"","content":"Terremoto L\u2019Aquila: in 10mila al corteo per non dimenticare (blitzquotidiano.it) http:\/\/t.co\/b1jFNF1hts http:\/\/t.co\/mGgIfgsFlc","id":0,"resourceStatus":{"id":"","description":"","name":""},"title":"Twitter","source":[{"HumanSource":{"id":0,"lastName":"","description":"","reputation":"","name":"","userName":"1001ptsIT","firstName":"","urlSocialMedia":""}}],"description":null,"textName":"null","createDate":"Mon Apr 06 08:21:05 +0200 2015","publishDate":null,"resourceCategories":[]}},{"Image":{"credibility":true,"id":0,"resourceStatus":{"id":"","description":"","name":""},"title":"Twitter","source":[{"id":0,"lastName":"","username":"1001ptsIT","description":"","reputation":"","name":"","firstName":"","urlSocialMedia":""}],"imageName":"null","lastUpdate":null,"description":null,"link":"http:\/\/pbs.twimg.com\/media\/CB41rVxUoAAQYrc.jpg","createDate":"Mon Apr 06 08:21:05 +0200 2015","rawdata":null,"publishDate":null,"url":"","resourceCategories":[],"creator":""}},{"Text":{"credibility":true,"lastUpdate":null,"url":"","creator":"","content":"RT @1001ptsIT: Terremoto L\u2019Aquila: in 10mila al corteo per non dimenticare (blitzquotidiano.it) http:\/\/t.co\/b1jFNF1hts http:\/\/t.co\/mGgIfgsF\u2026","id":0,"resourceStatus":{"id":"","description":"","name":""},"title":"Twitter","source":[{"HumanSource":{"id":0,"lastName":"","description":"","reputation":"","name":"","userName":"el_gato112","firstName":"","urlSocialMedia":""}}],"description":null,"textName":"null","createDate":"Mon Apr 06 08:23:12 +0200 2015","publishDate":null,"resourceCategories":[]}},{"Image":{"credibility":true,"id":0,"resourceStatus":{"id":"","description":"","name":""},"title":"Twitter","source":[{"id":0,"lastName":"","username":"el_gato112","description":"","reputation":"","name":"","firstName":"","urlSocialMedia":""}],"imageName":"null","lastUpdate":null,"description":null,"link":"http:\/\/pbs.twimg.com\/media\/CB41rVxUoAAQYrc.jpg","createDate":"Mon Apr 06 08:23:12 +0200 2015","rawdata":null,"publishDate":null,"url":"","resourceCategories":[],"creator":""}},{"Image":{"credibility":true,"id":0,"resourceStatus":{"id":"","description":"","name":""},"title":"Twitter","source":[{"id":0,"lastName":"","username":"BernyZb","description":"","reputation":"","name":"","firstName":"","urlSocialMedia":""}],"imageName":"null","lastUpdate":null,"description":null,"link":"http:\/\/pbs.twimg.com\/media\/CB41rVxUoAAQYrc.jpg","createDate":"Mon Apr 06 08:24:31 +0200 2015","rawdata":null,"publishDate":null,"url":"","resourceCategories":[],"creator":""}}],"eventTag":[],"classified":[{"id":0,"description":"","name":"affollamento","uri":null}],"severity":"high","entities":[],"related":[],"country":"","id":0,"administrative_area_level_2":"","administrative_area_level_1":"","description":"","route":"","postal_code":0,"locality":"","radius":0.0,"street_number":0,"longitude":0.0,"latitude":0.0,"atTime":1428301788000,"circa":1428301788000}