{"credibility":false,"eventResource":[],"eventTag":[],"classified":[{"id":0,"description":"","name":"Manifestazione","uri":"http:\/\/secure.eng.it\/ontologySecure\/category.owl#Manifestazione"}],"severity":"Medium","entities":[],"related":[],"country":"","id":0,"administrative_area_level_2":"","administrative_area_level_1":"","description":"EVENTO COMPLESSO GENERATO DA: GUI;","route":"","postal_code":0,"locality":"","radius":0.0,"street_number":0,"longitude":6.0,"latitude":36.0,"atTime":1437930929000,"circa":1437930929000}