{"credibility":false,"eventResource":[{"Text":{"credibility":true,"lastUpdate":null,"url":"","creator":"","content":"RT @gasparripdl: \u201C@_DAGOSPIA_: VIOLENZE AL CORTEO NO EXPO: IL RAGAZZO CHE HA PESTATO IL POLIZIOTTO CHIEDE SCUSA Non vanno accettate, carcer\u2026","id":0,"resourceStatus":{"id":"","description":"","name":""},"title":"Twitter","source":[{"HumanSource":{"id":0,"lastName":"flo_flolady","description":"","reputation":"","name":"@flo_flolady","userName":"flo_flolady","firstName":"flo_flolady","urlSocialMedia":"https:\/\/twitter.com\/flo_flolady"}}],"description":null,"textName":"null","createDate":"Thu May 21 20:50:45 +0200 2015","publishDate":null,"resourceCategories":[]}},{"Text":{"credibility":true,"lastUpdate":null,"url":"","creator":"","content":"RT @gasparripdl: \u201C@_DAGOSPIA_: VIOLENZE AL CORTEO NO EXPO: IL RAGAZZO CHE HA PESTATO IL POLIZIOTTO CHIEDE SCUSA Non vanno accettate, carcer\u2026","id":0,"resourceStatus":{"id":"","description":"","name":""},"title":"Twitter","source":[{"HumanSource":{"id":0,"lastName":"Freigedank","description":"","reputation":"","name":"@Freigedank","userName":"Freigedank","firstName":"Freigedank","urlSocialMedia":"https:\/\/twitter.com\/Freigedank"}}],"description":null,"textName":"null","createDate":"Thu May 21 20:58:46 +0200 2015","publishDate":null,"resourceCategories":[]}}],"eventTag":[],"classified":[{"id":0,"description":"","name":"Assembramento","uri":"http:\/\/secure.eng.it\/ontologySecure\/category.owl#Assembramento"}],"severity":"high","entities":[],"related":[],"country":"","id":0,"administrative_area_level_2":"","administrative_area_level_1":"","description":"EVENTO COMPLESSO GENERATO DA: Evento prodotto dall'analisi dei tweets;","route":"","postal_code":0,"locality":"","radius":0.0,"street_number":0,"longitude":0.0,"latitude":0.0,"atTime":1432236014000,"circa":1432236014000}