{"credibility":false,"eventResource":[{"Text":{"credibility":true,"lastUpdate":null,"url":"","creator":"","content":"#18g corteo cittadino: Fermiamo la mafia dei profitti sulle nostre vite! https:\/\/t.co\/QBN0PkNfz9 #MafiaCapitale @RedLabQrtc @lagoexsnia","id":0,"resourceStatus":{"id":"","description":"","name":""},"title":"Twitter","source":[{"HumanSource":{"id":0,"lastName":"progettoDegage","description":"","reputation":"","name":"@progettoDegage","userName":"progettoDegage","firstName":"progettoDegage","urlSocialMedia":"https:\/\/twitter.com\/progettoDegage"}}],"description":null,"textName":"null","createDate":"Thu Jun 18 11:43:45 +0200 2015","publishDate":null,"resourceCategories":[]}},{"Text":{"credibility":true,"lastUpdate":null,"url":"","creator":"","content":"RT @progettoDegage: #18g corteo cittadino: Fermiamo la mafia dei profitti sulle nostre vite! https:\/\/t.co\/QBN0PkNfz9 #MafiaCapitale @RedLab\u2026","id":0,"resourceStatus":{"id":"","description":"","name":""},"title":"Twitter","source":[{"HumanSource":{"id":0,"lastName":"SpairoSpairani","description":"","reputation":"","name":"@SpairoSpairani","userName":"SpairoSpairani","firstName":"SpairoSpairani","urlSocialMedia":"https:\/\/twitter.com\/SpairoSpairani"}}],"description":null,"textName":"null","createDate":"Thu Jun 18 11:44:00 +0200 2015","publishDate":null,"resourceCategories":[]}},{"Text":{"credibility":true,"lastUpdate":null,"url":"","creator":"","content":"#18g corteo cittadino: Fermiamo la mafia dei profitti sulle nostre vite https:\/\/t.co\/QBN0PkNfz9 #MafiaCapitale @radiondadurto @Radiondarossa","id":0,"resourceStatus":{"id":"","description":"","name":""},"title":"Twitter","source":[{"HumanSource":{"id":0,"lastName":"progettoDegage","description":"","reputation":"","name":"@progettoDegage","userName":"progettoDegage","firstName":"progettoDegage","urlSocialMedia":"https:\/\/twitter.com\/progettoDegage"}}],"description":null,"textName":"null","createDate":"Thu Jun 18 11:44:14 +0200 2015","publishDate":null,"resourceCategories":[]}},{"Text":{"credibility":true,"lastUpdate":null,"url":"","creator":"","content":"#18g corteo cittadino: Fermiamo la mafia dei profitti sulle nostre vite! https:\/\/t.co\/QBN0PkNfz9 #MafiaCapitale @romatoday @rep_roma","id":0,"resourceStatus":{"id":"","description":"","name":""},"title":"Twitter","source":[{"HumanSource":{"id":0,"lastName":"progettoDegage","description":"","reputation":"","name":"@progettoDegage","userName":"progettoDegage","firstName":"progettoDegage","urlSocialMedia":"https:\/\/twitter.com\/progettoDegage"}}],"description":null,"textName":"null","createDate":"Thu Jun 18 11:44:43 +0200 2015","publishDate":null,"resourceCategories":[]}},{"Text":{"credibility":true,"lastUpdate":null,"url":"","creator":"","content":"#18g corteo cittadino: Fermiamo la mafia dei profitti sulle nostre vite! https:\/\/t.co\/QBN0PkNfz9 #MafiaCapitale @zeropregi @danslarueprtz","id":0,"resourceStatus":{"id":"","description":"","name":""},"title":"Twitter","source":[{"HumanSource":{"id":0,"lastName":"progettoDegage","description":"","reputation":"","name":"@progettoDegage","userName":"progettoDegage","firstName":"progettoDegage","urlSocialMedia":"https:\/\/twitter.com\/progettoDegage"}}],"description":null,"textName":"null","createDate":"Thu Jun 18 11:45:14 +0200 2015","publishDate":null,"resourceCategories":[]}},{"Text":{"credibility":true,"lastUpdate":null,"url":"","creator":"","content":"RT @progettoDegage: #18g corteo cittadino: Fermiamo la mafia dei profitti sulle nostre vite! https:\/\/t.co\/QBN0PkNfz9 #MafiaCapitale @zeropr\u2026","id":0,"resourceStatus":{"id":"","description":"","name":""},"title":"Twitter","source":[{"HumanSource":{"id":0,"lastName":"sergiofalcone","description":"","reputation":"","name":"@sergiofalcone","userName":"sergiofalcone","firstName":"sergiofalcone","urlSocialMedia":"https:\/\/twitter.com\/sergiofalcone"}}],"description":null,"textName":"null","createDate":"Thu Jun 18 11:45:50 +0200 2015","publishDate":null,"resourceCategories":[]}},{"Text":{"credibility":true,"lastUpdate":null,"url":"","creator":"","content":"#18g corteo cittadino: Fermiamo la mafia dei profitti sulle nostre vite! https:\/\/t.co\/QBN0PkNfz9 #MafiaCapitale @Infoaut @notav_info","id":0,"resourceStatus":{"id":"","description":"","name":""},"title":"Twitter","source":[{"HumanSource":{"id":0,"lastName":"progettoDegage","description":"","reputation":"","name":"@progettoDegage","userName":"progettoDegage","firstName":"progettoDegage","urlSocialMedia":"https:\/\/twitter.com\/progettoDegage"}}],"description":null,"textName":"null","createDate":"Thu Jun 18 11:45:55 +0200 2015","publishDate":null,"resourceCategories":[]}},{"Text":{"credibility":true,"lastUpdate":null,"url":"","creator":"","content":"RT @progettoDegage: #18g corteo cittadino: Fermiamo la mafia dei profitti sulle nostre vite! https:\/\/t.co\/QBN0PkNfz9 #MafiaCapitale @romato\u2026","id":0,"resourceStatus":{"id":"","description":"","name":""},"title":"Twitter","source":[{"HumanSource":{"id":0,"lastName":"sergiofalcone","description":"","reputation":"","name":"@sergiofalcone","userName":"sergiofalcone","firstName":"sergiofalcone","urlSocialMedia":"https:\/\/twitter.com\/sergiofalcone"}}],"description":null,"textName":"null","createDate":"Thu Jun 18 11:46:19 +0200 2015","publishDate":null,"resourceCategories":[]}},{"Text":{"credibility":true,"lastUpdate":null,"url":"","creator":"","content":"RT @progettoDegage: #18g corteo cittadino: Fermiamo la mafia dei profitti sulle nostre vite! https:\/\/t.co\/QBN0PkNfz9 #MafiaCapitale @zeropr\u2026","id":0,"resourceStatus":{"id":"","description":"","name":""},"title":"Twitter","source":[{"HumanSource":{"id":0,"lastName":"dost_aut","description":"","reputation":"","name":"@dost_aut","userName":"dost_aut","firstName":"dost_aut","urlSocialMedia":"https:\/\/twitter.com\/dost_aut"}}],"description":null,"textName":"null","createDate":"Thu Jun 18 11:47:02 +0200 2015","publishDate":null,"resourceCategories":[]}},{"Text":{"credibility":true,"lastUpdate":null,"url":"","creator":"","content":"RT @progettoDegage: #18g corteo cittadino: Fermiamo la mafia dei profitti sulle nostre vite! https:\/\/t.co\/QBN0PkNfz9 #MafiaCapitale @zeropr\u2026","id":0,"resourceStatus":{"id":"","description":"","name":""},"title":"Twitter","source":[{"HumanSource":{"id":0,"lastName":"zeropregi","description":"","reputation":"","name":"@zeropregi","userName":"zeropregi","firstName":"zeropregi","urlSocialMedia":"https:\/\/twitter.com\/zeropregi"}}],"description":null,"textName":"null","createDate":"Thu Jun 18 11:47:20 +0200 2015","publishDate":null,"resourceCategories":[]}}],"eventTag":[],"classified":[{"id":0,"description":"","name":"Assembramento","uri":"http:\/\/secure.eng.it\/ontologySecure\/category.owl#Assembramento"}],"severity":"high","entities":[],"related":[],"country":"","id":0,"administrative_area_level_2":"","administrative_area_level_1":"","description":"EVENTO COMPLESSO GENERATO DA: Evento prodotto dall'analisi dei tweets;","route":"","postal_code":0,"locality":"","radius":0.0,"street_number":0,"longitude":12.496366,"latitude":41.902782,"atTime":1434622429000,"circa":1434622429000}