{"credibility":false,"eventResource":[{"Text":{"credibility":true,"lastUpdate":null,"url":"","creator":"","content":"anche se non vado più a scuola sono molto felice per voi studenti..Questi sono i giorni migliori della mia adolescenza: FINISCE LA TORTURA 🙈","id":0,"resourceStatus":{"id":"","description":"","name":""},"title":"Twitter","source":[{"HumanSource":{"id":0,"lastName":"Benji_Mascolo","description":"","reputation":"","name":"@Benji_Mascolo","userName":"Benji_Mascolo","firstName":"Benji_Mascolo","urlSocialMedia":"https:\/\/twitter.com\/Benji_Mascolo"}}],"description":null,"textName":"null","createDate":"Fri Jun 05 14:25:14 +0200 2015","publishDate":null,"resourceCategories":[]}}],"eventTag":[],"classified":[{"id":0,"description":"","name":"Disordini","uri":"http:\/\/secure.eng.it\/ontologySecure\/category.owl#Disordini"}],"severity":"high","entities":[],"related":[],"country":"","id":0,"administrative_area_level_2":"","administrative_area_level_1":"","description":"EVENTO COMPLESSO GENERATO DA: Evento prodotto dall'analisi dei tweets;","route":"","postal_code":0,"locality":"","radius":0.0,"street_number":0,"longitude":0.0,"latitude":0.0,"atTime":1433508530000,"circa":1433508530000}