{"credibility":false,"eventResource":[{"Text":{"credibility":true,"lastUpdate":null,"url":"","creator":"","content":"RT @anubidal: Granate lacrimogene e assordanti contro il corteo anti-autoritario ora a piazza #Syntagma a #Atene via @thesspirit @northaura","id":0,"resourceStatus":{"id":"","description":"","name":""},"title":"Twitter","source":[{"HumanSource":{"id":0,"lastName":"ivnbkn","description":"","reputation":"","name":"@ivnbkn","userName":"ivnbkn","firstName":"ivnbkn","urlSocialMedia":"https:\/\/twitter.com\/ivnbkn"}}],"description":null,"textName":"null","createDate":"Fri Jul 03 18:44:22 +0200 2015","publishDate":null,"resourceCategories":[]}},{"Text":{"credibility":true,"lastUpdate":null,"url":"","creator":"","content":"RT @anubidal: Granate lacrimogene e assordanti contro il corteo anti-autoritario ora a piazza #Syntagma a #Atene via @thesspirit @northaura","id":0,"resourceStatus":{"id":"","description":"","name":""},"title":"Twitter","source":[{"HumanSource":{"id":0,"lastName":"Sedicente","description":"","reputation":"","name":"@Sedicente","userName":"Sedicente","firstName":"Sedicente","urlSocialMedia":"https:\/\/twitter.com\/Sedicente"}}],"description":null,"textName":"null","createDate":"Fri Jul 03 18:44:43 +0200 2015","publishDate":null,"resourceCategories":[]}},{"Text":{"credibility":true,"lastUpdate":null,"url":"","creator":"","content":"RT @anubidal: Granate lacrimogene e assordanti contro il corteo anti-autoritario ora a piazza #Syntagma a #Atene via @thesspirit @northaura","id":0,"resourceStatus":{"id":"","description":"","name":""},"title":"Twitter","source":[{"HumanSource":{"id":0,"lastName":"Lozioalbe","description":"","reputation":"","name":"@Lozioalbe","userName":"Lozioalbe","firstName":"Lozioalbe","urlSocialMedia":"https:\/\/twitter.com\/Lozioalbe"}}],"description":null,"textName":"null","createDate":"Fri Jul 03 18:44:44 +0200 2015","publishDate":null,"resourceCategories":[]}},{"Text":{"credibility":true,"lastUpdate":null,"url":"","creator":"","content":"RT @anubidal: Granate lacrimogene e assordanti contro il corteo anti-autoritario ora a piazza #Syntagma a #Atene via @thesspirit @northaura","id":0,"resourceStatus":{"id":"","description":"","name":""},"title":"Twitter","source":[{"HumanSource":{"id":0,"lastName":"davidegastaldo","description":"","reputation":"","name":"@davidegastaldo","userName":"davidegastaldo","firstName":"davidegastaldo","urlSocialMedia":"https:\/\/twitter.com\/davidegastaldo"}}],"description":null,"textName":"null","createDate":"Fri Jul 03 18:44:52 +0200 2015","publishDate":null,"resourceCategories":[]}},{"Text":{"credibility":true,"lastUpdate":null,"url":"","creator":"","content":"RT @anubidal: Granate lacrimogene e assordanti contro il corteo anti-autoritario ora a piazza #Syntagma a #Atene via @thesspirit @northaura","id":0,"resourceStatus":{"id":"","description":"","name":""},"title":"Twitter","source":[{"HumanSource":{"id":0,"lastName":"LadyLindy_","description":"","reputation":"","name":"@LadyLindy_","userName":"LadyLindy_","firstName":"LadyLindy_","urlSocialMedia":"https:\/\/twitter.com\/LadyLindy_"}}],"description":null,"textName":"null","createDate":"Fri Jul 03 18:45:34 +0200 2015","publishDate":null,"resourceCategories":[]}}],"eventTag":[],"classified":[{"id":0,"description":"","name":"Assembramento","uri":"http:\/\/secure.eng.it\/ontologySecure\/category.owl#Assembramento"}],"severity":"high","entities":[],"related":[],"country":"","id":0,"administrative_area_level_2":"","administrative_area_level_1":"","description":"EVENTO COMPLESSO GENERATO DA: Evento prodotto dall'analisi dei tweets;","route":"","postal_code":0,"locality":"","radius":0.0,"street_number":0,"longitude":0.0,"latitude":0.0,"atTime":1435943637000,"circa":1435943637000}