{"credibility":false,"eventResource":[{"Text":{"id":835,"title":"Anomaly SensorNode S01-S02-S03","url":"http:\/\/150.217.17.199:81\/secureNodeService\/getSensorNode?name=SensorNodePisa","description":"Anomalia SensorNode  - Sensore Presenza","creator":"SensorNodeSource","publishDate":"1428148883829","createDate":"1428148883829","lastUpdate":null,"credibility":true,"acquisitionDate":1428148946071,"resourceStatus":{"id":3,"name":"ANALYZED","description":"Reource Analyzed"},"source":[{"SensorNodeSource":{"id":9,"name":"SensorNodePisa","description":"","reputation":"1.0","status":{"id":1,"name":"AVAILABLE","description":"Source Available"},"category":[],"sourceTag":[],"sensorID":"0","url":"http:\/\/150.217.17.199:81\/secureNodeService\/getSensorNode","sensorList":[{"id":87,"sensorType":"Accelerometro CH2","sensorStatus":true,"description":"Accelerometro CH2 (S01_CH2)","threshold":"-50","thresholdMin":"-69","thresholdMax":"-46"},{"id":90,"sensorType":"Sensore Prossimita","sensorStatus":true,"description":"Sensore Prossimita (S03_CH1)","threshold":"30","thresholdMin":"30","thresholdMax":"300"},{"id":88,"sensorType":"Radar Doppler Avvicinamento","sensorStatus":true,"description":"Radar Doppler CH2 (S02_CH2)","threshold":"-105","thresholdMin":"-120","thresholdMax":"-90"},{"id":89,"sensorType":"Accelerometro CH1","sensorStatus":true,"description":"Accelerometro CH1 (S01_CH1)","threshold":"-20","thresholdMin":"-69","thresholdMax":"-46"},{"id":85,"sensorType":"Radar Doppler Allontanamento","sensorStatus":true,"description":"Radar Doppler CH1 (S02_CH1)","threshold":"-105","thresholdMin":"-120","thresholdMax":"-90"},{"id":86,"sensorType":"Sensore Presenza","sensorStatus":true,"description":"Sensore Presenza (S03_CH2)","threshold":"25","thresholdMin":"0","thresholdMax":"40"}]}}],"resourceCategories":[],"textName":"","content":"Il sensore Sensore Presenza ha rivelato una anomalia"}},{"Text":{"credibility":true,"lastUpdate":null,"url":"","creator":"","content":"lancio sassi contro la polizia, i polizioni rispondono con i lacrimogeni","id":0,"resourceStatus":{"id":"","description":"","name":""},"title":"Twitter","source":[{"HumanSource":{"id":0,"lastName":"","description":"","reputation":"","name":"","userName":"ChiaraGrigolini","firstName":"","urlSocialMedia":""}}],"description":null,"textName":"null","createDate":"Mon Apr 13 10:30:36 +0200 2015","publishDate":null,"resourceCategories":[]}}],"eventTag":[],"classified":[{"id":0,"description":"","name":"Manifestazione","uri":"http:\/\/secure.eng.it\/ontologySecure\/category.owl#\/Manifestazione"}],"severity":"Medium","entities":[],"related":[],"country":"","id":0,"administrative_area_level_2":"","administrative_area_level_1":"","description":"EVENTO COMPLESSO GENERATO DA: ","route":"","postal_code":0,"locality":"","radius":0.0,"street_number":0,"longitude":10.394723500000001,"latitude":43.7232245,"atTime":1425634239000,"circa":1425634238000}