{"credibility":false,"eventResource":[{"Text":{"credibility":true,"lastUpdate":null,"url":"","creator":"","content":"RT @CremaschiG: Solidarietà alle operaie di #Melfi che han voltato schiena al corteo di capi e ruffiani e han rifiutato stretta di mano a #\u2026","id":0,"resourceStatus":{"id":"","description":"","name":""},"title":"Twitter","source":[{"HumanSource":{"id":0,"lastName":"tezla1976","description":"","reputation":"","name":"@tezla1976","userName":"tezla1976","firstName":"tezla1976","urlSocialMedia":"https:\/\/twitter.com\/tezla1976"}}],"description":null,"textName":"null","createDate":"Sat May 30 13:39:21 +0200 2015","publishDate":null,"resourceCategories":[]}},{"Text":{"credibility":true,"lastUpdate":null,"url":"","creator":"","content":"RT @CremaschiG: Solidarietà alle operaie di #Melfi che han voltato schiena al corteo di capi e ruffiani e han rifiutato stretta di mano a #\u2026","id":0,"resourceStatus":{"id":"","description":"","name":""},"title":"Twitter","source":[{"HumanSource":{"id":0,"lastName":"lalitapetila","description":"","reputation":"","name":"@lalitapetila","userName":"lalitapetila","firstName":"lalitapetila","urlSocialMedia":"https:\/\/twitter.com\/lalitapetila"}}],"description":null,"textName":"null","createDate":"Sat May 30 13:51:37 +0200 2015","publishDate":null,"resourceCategories":[]}},{"Text":{"credibility":true,"lastUpdate":null,"url":"","creator":"","content":"RT @CremaschiG: Solidarietà alle operaie di #Melfi che han voltato schiena al corteo di capi e ruffiani e han rifiutato stretta di mano a #\u2026","id":0,"resourceStatus":{"id":"","description":"","name":""},"title":"Twitter","source":[{"HumanSource":{"id":0,"lastName":"NildePaonessa","description":"","reputation":"","name":"@NildePaonessa","userName":"NildePaonessa","firstName":"NildePaonessa","urlSocialMedia":"https:\/\/twitter.com\/NildePaonessa"}}],"description":null,"textName":"null","createDate":"Sat May 30 13:52:40 +0200 2015","publishDate":null,"resourceCategories":[]}}],"eventTag":[],"classified":[{"id":0,"description":"","name":"Assembramento","uri":"http:\/\/secure.eng.it\/ontologySecure\/category.owl#Assembramento"}],"severity":"high","entities":[],"related":[],"country":"","id":0,"administrative_area_level_2":"","administrative_area_level_1":"","description":"EVENTO COMPLESSO GENERATO DA: Evento prodotto dall'analisi dei tweets;","route":"","postal_code":0,"locality":"","radius":0.0,"street_number":0,"longitude":0.0,"latitude":0.0,"atTime":1432987588000,"circa":1432987588000}