{"credibility":false,"eventResource":[{"Text":{"credibility":true,"lastUpdate":null,"url":"","creator":"","content":"Taranto, esplosione e crollo di un palazzo del centro: feriti  http:\/\/t.co\/kZCmLmIkvU #gzagato http:\/\/t.co\/3kueVPV1FJ","id":0,"resourceStatus":{"id":"","description":"","name":""},"title":"Twitter","source":[{"HumanSource":{"id":0,"lastName":"gzagatoblog","description":"","reputation":"","name":"@gzagatoblog","userName":"gzagatoblog","firstName":"gzagatoblog","urlSocialMedia":"https:\/\/twitter.com\/gzagatoblog"}}],"description":null,"textName":"null","createDate":"Tue Jul 07 09:25:17 +0200 2015","publishDate":null,"resourceCategories":[]}},{"Text":{"credibility":true,"lastUpdate":null,"url":"","creator":"","content":"Taranto, esplosione e crollo di un palazzo del centro: feriti  http:\/\/t.co\/Q8bhEfm718","id":0,"resourceStatus":{"id":"","description":"","name":""},"title":"Twitter","source":[{"HumanSource":{"id":0,"lastName":"PugliaStream","description":"","reputation":"","name":"@PugliaStream","userName":"PugliaStream","firstName":"PugliaStream","urlSocialMedia":"https:\/\/twitter.com\/PugliaStream"}}],"description":null,"textName":"null","createDate":"Tue Jul 07 09:26:01 +0200 2015","publishDate":null,"resourceCategories":[]}},{"Text":{"credibility":true,"lastUpdate":null,"url":"","creator":"","content":"#News e #Astronomia Taranto, esplosione e crollo di un palazzo del centro: feriti - Il Me... http:\/\/t.co\/igixz8pnRI Buona visione !  :))","id":0,"resourceStatus":{"id":"","description":"","name":""},"title":"Twitter","source":[{"HumanSource":{"id":0,"lastName":"mauneobux","description":"","reputation":"","name":"@mauneobux","userName":"mauneobux","firstName":"mauneobux","urlSocialMedia":"https:\/\/twitter.com\/mauneobux"}}],"description":null,"textName":"null","createDate":"Tue Jul 07 09:28:41 +0200 2015","publishDate":null,"resourceCategories":[]}},{"Text":{"credibility":true,"lastUpdate":null,"url":"","creator":"","content":"Il Messaggero -  Taranto, esplosione e crollo di un palazzo del centro: feriti http:\/\/t.co\/txvFRiaS3x","id":0,"resourceStatus":{"id":"","description":"","name":""},"title":"Twitter","source":[{"HumanSource":{"id":0,"lastName":"the_newstweets","description":"","reputation":"","name":"@the_newstweets","userName":"the_newstweets","firstName":"the_newstweets","urlSocialMedia":"https:\/\/twitter.com\/the_newstweets"}}],"description":null,"textName":"null","createDate":"Tue Jul 07 09:29:34 +0200 2015","publishDate":null,"resourceCategories":[]}}],"eventTag":[],"classified":[{"id":0,"description":"","name":"Terremoto","uri":"http:\/\/secure.eng.it\/ontologySecure\/category.owl#Terremoto"}],"severity":"High","entities":[],"related":[],"country":"","id":0,"administrative_area_level_2":"","administrative_area_level_1":"","description":"EVENTO COMPLESSO GENERATO DA: Evento prodotto dall'analisi dei tweets;","route":"","postal_code":0,"locality":"","radius":0.0,"street_number":0,"longitude":12.496366,"latitude":41.902782,"atTime":1436255553000,"circa":1436255553000}