{"credibility":false,"eventResource":[{"Text":{"credibility":true,"lastUpdate":null,"url":"","creator":"","content":"dalle 5 che sto vento della madonna vuole scoperchiarmi casa, giovedi ancora più schifoso del solito","id":0,"resourceStatus":{"id":"","description":"","name":""},"title":"Twitter","source":[{"HumanSource":{"id":0,"lastName":"maaartimarta","description":"","reputation":"","name":"@maaartimarta","userName":"maaartimarta","firstName":"maaartimarta","urlSocialMedia":"https:\/\/twitter.com\/maaartimarta"}}],"description":null,"textName":"null","createDate":"Thu Mar 05 07:26:40 +0100 2015","publishDate":null,"resourceCategories":[]}},{"Text":{"credibility":true,"lastUpdate":null,"url":"","creator":"","content":"Il vento non vuole che vada al lavoro mi spinge verso casa! Buongiorno a tutti! http:\/\/t.co\/pBKt1D5l6X","id":0,"resourceStatus":{"id":"","description":"","name":""},"title":"Twitter","source":[{"HumanSource":{"id":0,"lastName":"signo65","description":"","reputation":"","name":"@signo65","userName":"signo65","firstName":"signo65","urlSocialMedia":"https:\/\/twitter.com\/signo65"}}],"description":null,"textName":"null","createDate":"Thu Mar 05 07:34:25 +0100 2015","publishDate":null,"resourceCategories":[]}},{"Image":{"credibility":true,"imageName":"null","rawData":null,"lastUpdate":null,"link":"http:\/\/pbs.twimg.com\/media\/B_UF2LcWoAA6OL8.jpg","url":"","creator":"","id":0,"resourceStatus":{"id":"","description":"","name":""},"title":"Twitter","source":[{"HumanSource":{"id":0,"lastName":"signo65","description":"","reputation":"","name":"@signo65","userName":"signo65","firstName":"signo65","urlSocialMedia":"https:\/\/twitter.com\/signo65"}}],"description":null,"createDate":"Thu Mar 05 07:34:25 +0100 2015","publishDate":null,"resourceCategories":[]}},{"Text":{"credibility":true,"lastUpdate":null,"url":"","creator":"","content":"dalle 5 che sto vento della madonna vuole scoperchiarmi casa, giovedi ancora più schifoso del solito","id":0,"resourceStatus":{"id":"","description":"","name":""},"title":"Twitter","source":[{"HumanSource":{"id":0,"lastName":"maaartimarta","description":"","reputation":"","name":"@maaartimarta","userName":"maaartimarta","firstName":"maaartimarta","urlSocialMedia":"https:\/\/twitter.com\/maaartimarta"}}],"description":null,"textName":"null","createDate":"Thu Mar 05 07:26:40 +0100 2015","publishDate":null,"resourceCategories":[]}},{"Text":{"credibility":true,"lastUpdate":null,"url":"","creator":"","content":"Il vento non vuole che vada al lavoro mi spinge verso casa! Buongiorno a tutti! http:\/\/t.co\/pBKt1D5l6X","id":0,"resourceStatus":{"id":"","description":"","name":""},"title":"Twitter","source":[{"HumanSource":{"id":0,"lastName":"signo65","description":"","reputation":"","name":"@signo65","userName":"signo65","firstName":"signo65","urlSocialMedia":"https:\/\/twitter.com\/signo65"}}],"description":null,"textName":"null","createDate":"Thu Mar 05 07:34:25 +0100 2015","publishDate":null,"resourceCategories":[]}},{"Image":{"credibility":true,"imageName":"null","rawData":null,"lastUpdate":null,"link":"http:\/\/pbs.twimg.com\/media\/B_UF2LcWoAA6OL8.jpg","url":"","creator":"","id":0,"resourceStatus":{"id":"","description":"","name":""},"title":"Twitter","source":[{"HumanSource":{"id":0,"lastName":"signo65","description":"","reputation":"","name":"@signo65","userName":"signo65","firstName":"signo65","urlSocialMedia":"https:\/\/twitter.com\/signo65"}}],"description":null,"createDate":"Thu Mar 05 07:34:25 +0100 2015","publishDate":null,"resourceCategories":[]}}],"eventTag":[],"classified":[{"id":0,"description":"","name":"ciclone","uri":null}],"severity":"high","entities":[],"related":[],"country":"","id":0,"administrative_area_level_2":"","administrative_area_level_1":"","description":"EVENTO COMPLESSO GENERATO DA: ","route":"","postal_code":0,"locality":"","radius":0.0,"street_number":0,"longitude":0.0,"latitude":0.0,"atTime":1429717897000,"circa":1429717897000}