{"credibility":false,"eventResource":[{"Text":{"credibility":true,"lastUpdate":null,"url":"","creator":"","content":"RT @la_stampa: FOTO \/\/ Alberi sradicati, i danni del #vento in Toscana \nhttp:\/\/t.co\/rPGHwY90N6 #allertameteoTOS http:\/\/t.co\/MaPiNvqb5K","id":0,"resourceStatus":{"id":"","description":"","name":""},"title":"Twitter","source":[{"HumanSource":{"id":0,"lastName":"","description":"","reputation":"","name":"","userName":"Ettoremar","firstName":"","urlSocialMedia":""}}],"description":null,"textName":"null","createDate":"Thu Mar 05 11:44:49 +0100 2015","publishDate":null,"resourceCategories":[]}},{"Image":{"credibility":true,"id":0,"resourceStatus":{"id":"","description":"","name":""},"title":"Twitter","source":[{"id":0,"lastName":"","username":"Ettoremar","description":"","reputation":"","name":"","firstName":"","urlSocialMedia":""}],"imageName":"null","lastUpdate":null,"description":null,"link":"http:\/\/pbs.twimg.com\/media\/B_U55k5UIAAbWiH.png","createDate":"Thu Mar 05 11:44:49 +0100 2015","rawdata":null,"publishDate":null,"url":"","resourceCategories":[],"creator":""}},{"Text":{"credibility":true,"lastUpdate":null,"url":"","creator":"","content":"Ultimo aggiornamento #maltempo e #vento \nhttp:\/\/t.co\/LrQQRZMyrn\n2 vittime, gravi danni e #neve copiosa in Appennino http:\/\/t.co\/j6PgBtRhs5","id":0,"resourceStatus":{"id":"","description":"","name":""},"title":"Twitter","source":[{"HumanSource":{"id":0,"lastName":"","description":"","reputation":"","name":"","userName":"3BMeteo","firstName":"","urlSocialMedia":""}}],"description":null,"textName":"null","createDate":"Thu Mar 05 11:53:19 +0100 2015","publishDate":null,"resourceCategories":[]}},{"Image":{"credibility":true,"id":0,"resourceStatus":{"id":"","description":"","name":""},"title":"Twitter","source":[{"id":0,"lastName":"","username":"3BMeteo","description":"","reputation":"","name":"","firstName":"","urlSocialMedia":""}],"imageName":"null","lastUpdate":null,"description":null,"link":"http:\/\/pbs.twimg.com\/media\/B_VBHM3WUAEf1bI.jpg","createDate":"Thu Mar 05 11:53:19 +0100 2015","rawdata":null,"publishDate":null,"url":"","resourceCategories":[],"creator":""}}],"eventTag":[],"classified":[{"id":0,"description":"","name":"disastro","uri":null}],"severity":"high","entities":[],"related":[],"country":"","id":0,"administrative_area_level_2":"","administrative_area_level_1":"","description":"","route":"","postal_code":0,"locality":"","radius":0.0,"street_number":0,"longitude":0.0,"latitude":0.0,"atTime":1428502384000,"circa":1428502384000}