{"credibility":false,"eventResource":[{"Text":{"credibility":true,"lastUpdate":null,"url":"","creator":"","content":"RT @notaio_org: Oristano, 9 Maggio 2015: Manifestazione di piazza contro #ddlconcorrenza che #rottamalatutela dei cittadini http:\/\/t.co\/MkI\u2026","id":0,"resourceStatus":{"id":"","description":"","name":""},"title":"Twitter","source":[{"HumanSource":{"id":0,"lastName":"","description":"","reputation":"","name":"","userName":"NotaioFasso","firstName":"","urlSocialMedia":""}}],"description":null,"textName":"null","createDate":"Wed Apr 15 10:50:23 +0200 2015","publishDate":null,"resourceCategories":[]}},{"Text":{"credibility":true,"lastUpdate":null,"url":"","creator":"","content":"Oristano, 9 Maggio 2015: Manifestazione di piazza contro #ddlconcorrenza che #rottamalatutela dei cittadini http:\/\/t.co\/isRWT8thuC\n\n\u2014 Por\u2026","id":0,"resourceStatus":{"id":"","description":"","name":""},"title":"Twitter","source":[{"HumanSource":{"id":0,"lastName":"","description":"","reputation":"","name":"","userName":"ROMOLOROMANI","firstName":"","urlSocialMedia":""}}],"description":null,"textName":"null","createDate":"Wed Apr 15 10:51:13 +0200 2015","publishDate":null,"resourceCategories":[]}}],"eventTag":[],"classified":[{"id":0,"description":"","name":"affollamento","uri":null}],"severity":"high","entities":[],"related":[],"country":"","id":0,"administrative_area_level_2":"","administrative_area_level_1":"","description":"","route":"","postal_code":0,"locality":"","radius":0.0,"street_number":0,"longitude":0.0,"latitude":0.0,"atTime":1431122400000,"circa":1431122400000}