{"credibility":false,"eventResource":[{"Text":{"credibility":true,"lastUpdate":null,"url":"","creator":"","content":"RT @CasaPoundVarese: CasaPound, striscioni in 60 città per ricordare il sacrificio di Dominique Venner\n\nRoma, 21 mag - \u201CDominique... http:\/\u2026","id":0,"resourceStatus":{"id":"","description":"","name":""},"title":"Twitter","source":[{"HumanSource":{"id":0,"lastName":"cuorenero65","description":"","reputation":"","name":"@cuorenero65","userName":"cuorenero65","firstName":"cuorenero65","urlSocialMedia":"https:\/\/twitter.com\/cuorenero65"}}],"description":null,"textName":"null","createDate":"Thu May 21 15:53:33 +0200 2015","publishDate":null,"resourceCategories":[]}}],"eventTag":[],"classified":[{"id":0,"description":"","name":"Manifestazione","uri":"http:\/\/secure.eng.it\/ontologySecure\/category.owl#\/Manifestazione"}],"severity":"Medium","entities":[],"related":[],"country":"","id":0,"administrative_area_level_2":"","administrative_area_level_1":"","description":"EVENTO COMPLESSO GENERATO DA: Evento prodotto dall'analisi dei tweets;","route":"","postal_code":0,"locality":"","radius":0.0,"street_number":0,"longitude":0.0,"latitude":0.0,"atTime":1432217994000,"circa":1432217994000}