{"credibility":false,"eventResource":[{"Text":{"credibility":true,"lastUpdate":null,"url":"","creator":"","content":"RT @Dissenzo_: Nuova manifestazione contro lo scarico a Mare #Manduria #Avetrana Reflue Depuratore #Salento  http:\/\/t.co\/HuNV2RIuNs via @la\u2026","id":0,"resourceStatus":{"id":"","description":"","name":""},"title":"Twitter","source":[{"HumanSource":{"id":0,"lastName":"","description":"","reputation":"","name":"","userName":"mmontanaro69","firstName":"","urlSocialMedia":""}}],"description":null,"textName":"null","createDate":"Sat Apr 04 11:10:07 +0200 2015","publishDate":null,"resourceCategories":[]}}],"eventTag":[],"classified":[{"id":0,"description":"","name":"affollamento","uri":null}],"severity":"high","entities":[],"related":[],"country":"","id":0,"administrative_area_level_2":"","administrative_area_level_1":"","description":"","route":"","postal_code":0,"locality":"","radius":0.0,"street_number":0,"longitude":0.0,"latitude":0.0,"atTime":1428139398000,"circa":1428139398000}