{"credibility":false,"eventResource":[{"Text":{"credibility":true,"lastUpdate":null,"url":"","creator":"","content":"Ciao cipresso! #vento Strada bloccata e si torna indietro! http:\/\/t.co\/OA8F4odGG5","id":0,"resourceStatus":{"id":"","description":"","name":""},"title":"Twitter","source":[{"HumanSource":{"id":0,"lastName":"Amiatavideo","description":"","reputation":"","name":"@Amiatavideo","userName":"Amiatavideo","firstName":"Amiatavideo","urlSocialMedia":"https:\/\/twitter.com\/Amiatavideo"}}],"description":null,"textName":"null","createDate":"Thu Mar 05 11:50:30 +0100 2015","publishDate":null,"resourceCategories":[]}},{"Image":{"credibility":true,"imageName":"null","rawData":null,"lastUpdate":null,"link":"http:\/\/pbs.twimg.com\/media\/B_VAdX-WgAARuHn.jpg","url":"","creator":"","id":0,"resourceStatus":{"id":"","description":"","name":""},"title":"Twitter","source":[{"HumanSource":{"id":0,"lastName":"Amiatavideo","description":"","reputation":"","name":"@Amiatavideo","userName":"Amiatavideo","firstName":"Amiatavideo","urlSocialMedia":"https:\/\/twitter.com\/Amiatavideo"}}],"description":null,"createDate":"Thu Mar 05 11:50:30 +0100 2015","publishDate":null,"resourceCategories":[]}},{"Text":{"credibility":true,"lastUpdate":null,"url":"","creator":"","content":"Ciao cipresso! #vento Strada bloccata e si torna indietro! http:\/\/t.co\/OA8F4odGG5","id":0,"resourceStatus":{"id":"","description":"","name":""},"title":"Twitter","source":[{"HumanSource":{"id":0,"lastName":"Amiatavideo","description":"","reputation":"","name":"@Amiatavideo","userName":"Amiatavideo","firstName":"Amiatavideo","urlSocialMedia":"https:\/\/twitter.com\/Amiatavideo"}}],"description":null,"textName":"null","createDate":"Thu Mar 05 11:50:30 +0100 2015","publishDate":null,"resourceCategories":[]}},{"Image":{"credibility":true,"imageName":"null","rawData":null,"lastUpdate":null,"link":"http:\/\/pbs.twimg.com\/media\/B_VAdX-WgAARuHn.jpg","url":"","creator":"","id":0,"resourceStatus":{"id":"","description":"","name":""},"title":"Twitter","source":[{"HumanSource":{"id":0,"lastName":"Amiatavideo","description":"","reputation":"","name":"@Amiatavideo","userName":"Amiatavideo","firstName":"Amiatavideo","urlSocialMedia":"https:\/\/twitter.com\/Amiatavideo"}}],"description":null,"createDate":"Thu Mar 05 11:50:30 +0100 2015","publishDate":null,"resourceCategories":[]}}],"eventTag":[],"classified":[{"id":0,"description":"","name":"Ciclone","uri":"http:\/\/secure.eng.it\/ontologySecure\/category.owl#\/Ciclone"}],"severity":"high","entities":[],"related":[],"country":"","id":0,"administrative_area_level_2":"","administrative_area_level_1":"","description":"EVENTO COMPLESSO GENERATO DA: Evento prodotto dall'analisi dei tweets;","route":"","postal_code":0,"locality":"","radius":0.0,"street_number":0,"longitude":0.0,"latitude":0.0,"atTime":1429802490000,"circa":1429802490000}