{"credibility":false,"eventResource":[{"Text":{"credibility":true,"lastUpdate":null,"url":"","creator":"","content":"#CasaPound a #Roma tenta l'assalto al Campidoglio con i 5Stelle. #Sorial 5S da #Sky invita tutti a raggiungerli. Neofascismo in diretta.","id":0,"resourceStatus":{"id":"","description":"","name":""},"title":"Twitter","source":[{"HumanSource":{"id":0,"lastName":"emanuelefiano","description":"","reputation":"","name":"@emanuelefiano","userName":"emanuelefiano","firstName":"emanuelefiano","urlSocialMedia":"https:\/\/twitter.com\/emanuelefiano"}}],"description":null,"textName":"null","createDate":"Tue Jun 09 16:01:44 +0200 2015","publishDate":null,"resourceCategories":[]}},{"Text":{"credibility":true,"lastUpdate":null,"url":"","creator":"","content":"RT @emanuelefiano: #CasaPound a #Roma tenta l'assalto al Campidoglio con i 5Stelle. #Sorial 5S da #Sky invita tutti a raggiungerli. Neofasc\u2026","id":0,"resourceStatus":{"id":"","description":"","name":""},"title":"Twitter","source":[{"HumanSource":{"id":0,"lastName":"massimosolani","description":"","reputation":"","name":"@massimosolani","userName":"massimosolani","firstName":"massimosolani","urlSocialMedia":"https:\/\/twitter.com\/massimosolani"}}],"description":null,"textName":"null","createDate":"Tue Jun 09 16:02:02 +0200 2015","publishDate":null,"resourceCategories":[]}},{"Text":{"credibility":true,"lastUpdate":null,"url":"","creator":"","content":"RT @emanuelefiano: #CasaPound a #Roma tenta l'assalto al Campidoglio con i 5Stelle. #Sorial 5S da #Sky invita tutti a raggiungerli. Neofasc\u2026","id":0,"resourceStatus":{"id":"","description":"","name":""},"title":"Twitter","source":[{"HumanSource":{"id":0,"lastName":"francang1950","description":"","reputation":"","name":"@francang1950","userName":"francang1950","firstName":"francang1950","urlSocialMedia":"https:\/\/twitter.com\/francang1950"}}],"description":null,"textName":"null","createDate":"Tue Jun 09 16:02:20 +0200 2015","publishDate":null,"resourceCategories":[]}},{"Text":{"credibility":true,"lastUpdate":null,"url":"","creator":"","content":"RT @emanuelefiano: #CasaPound a #Roma tenta l'assalto al Campidoglio con i 5Stelle. #Sorial 5S da #Sky invita tutti a raggiungerli. Neofasc\u2026","id":0,"resourceStatus":{"id":"","description":"","name":""},"title":"Twitter","source":[{"HumanSource":{"id":0,"lastName":"014pelletterie","description":"","reputation":"","name":"@014pelletterie","userName":"014pelletterie","firstName":"014pelletterie","urlSocialMedia":"https:\/\/twitter.com\/014pelletterie"}}],"description":null,"textName":"null","createDate":"Tue Jun 09 16:02:26 +0200 2015","publishDate":null,"resourceCategories":[]}},{"Text":{"credibility":true,"lastUpdate":null,"url":"","creator":"","content":"RT @emanuelefiano: #CasaPound a #Roma tenta l'assalto al Campidoglio con i 5Stelle. #Sorial 5S da #Sky invita tutti a raggiungerli. Neofasc\u2026","id":0,"resourceStatus":{"id":"","description":"","name":""},"title":"Twitter","source":[{"HumanSource":{"id":0,"lastName":"Dan_skorpio87","description":"","reputation":"","name":"@Dan_skorpio87","userName":"Dan_skorpio87","firstName":"Dan_skorpio87","urlSocialMedia":"https:\/\/twitter.com\/Dan_skorpio87"}}],"description":null,"textName":"null","createDate":"Tue Jun 09 16:02:35 +0200 2015","publishDate":null,"resourceCategories":[]}},{"Text":{"credibility":true,"lastUpdate":null,"url":"","creator":"","content":"RT @emanuelefiano: #CasaPound a #Roma tenta l'assalto al Campidoglio con i 5Stelle. #Sorial 5S da #Sky invita tutti a raggiungerli. Neofasc\u2026","id":0,"resourceStatus":{"id":"","description":"","name":""},"title":"Twitter","source":[{"HumanSource":{"id":0,"lastName":"PieroVizzani","description":"","reputation":"","name":"@PieroVizzani","userName":"PieroVizzani","firstName":"PieroVizzani","urlSocialMedia":"https:\/\/twitter.com\/PieroVizzani"}}],"description":null,"textName":"null","createDate":"Tue Jun 09 16:02:38 +0200 2015","publishDate":null,"resourceCategories":[]}},{"Text":{"credibility":true,"lastUpdate":null,"url":"","creator":"","content":"RT @emanuelefiano: #CasaPound a #Roma tenta l'assalto al Campidoglio con i 5Stelle. #Sorial 5S da #Sky invita tutti a raggiungerli. Neofasc\u2026","id":0,"resourceStatus":{"id":"","description":"","name":""},"title":"Twitter","source":[{"HumanSource":{"id":0,"lastName":"Deputatipd","description":"","reputation":"","name":"@Deputatipd","userName":"Deputatipd","firstName":"Deputatipd","urlSocialMedia":"https:\/\/twitter.com\/Deputatipd"}}],"description":null,"textName":"null","createDate":"Tue Jun 09 16:02:42 +0200 2015","publishDate":null,"resourceCategories":[]}},{"Text":{"credibility":true,"lastUpdate":null,"url":"","creator":"","content":"RT @emanuelefiano: #CasaPound a #Roma tenta l'assalto al Campidoglio con i 5Stelle. #Sorial 5S da #Sky invita tutti a raggiungerli. Neofasc\u2026","id":0,"resourceStatus":{"id":"","description":"","name":""},"title":"Twitter","source":[{"HumanSource":{"id":0,"lastName":"marinabrunelli1","description":"","reputation":"","name":"@marinabrunelli1","userName":"marinabrunelli1","firstName":"marinabrunelli1","urlSocialMedia":"https:\/\/twitter.com\/marinabrunelli1"}}],"description":null,"textName":"null","createDate":"Tue Jun 09 16:03:10 +0200 2015","publishDate":null,"resourceCategories":[]}},{"Text":{"credibility":true,"lastUpdate":null,"url":"","creator":"","content":"#CasaPound a #Roma tenta l'assalto al Campidoglio con i 5Stelle,  marcia su Roma??","id":0,"resourceStatus":{"id":"","description":"","name":""},"title":"Twitter","source":[{"HumanSource":{"id":0,"lastName":"014pelletterie","description":"","reputation":"","name":"@014pelletterie","userName":"014pelletterie","firstName":"014pelletterie","urlSocialMedia":"https:\/\/twitter.com\/014pelletterie"}}],"description":null,"textName":"null","createDate":"Tue Jun 09 16:03:11 +0200 2015","publishDate":null,"resourceCategories":[]}},{"Text":{"credibility":true,"lastUpdate":null,"url":"","creator":"","content":"RT @emanuelefiano: #CasaPound a #Roma tenta l'assalto al Campidoglio con i 5Stelle. #Sorial 5S da #Sky invita tutti a raggiungerli. Neofasc\u2026","id":0,"resourceStatus":{"id":"","description":"","name":""},"title":"Twitter","source":[{"HumanSource":{"id":0,"lastName":"amperinelli","description":"","reputation":"","name":"@amperinelli","userName":"amperinelli","firstName":"amperinelli","urlSocialMedia":"https:\/\/twitter.com\/amperinelli"}}],"description":null,"textName":"null","createDate":"Tue Jun 09 16:03:39 +0200 2015","publishDate":null,"resourceCategories":[]}},{"Text":{"credibility":true,"lastUpdate":null,"url":"","creator":"","content":"RT @emanuelefiano: #CasaPound a #Roma tenta l'assalto al Campidoglio con i 5Stelle. #Sorial 5S da #Sky invita tutti a raggiungerli. Neofasc\u2026","id":0,"resourceStatus":{"id":"","description":"","name":""},"title":"Twitter","source":[{"HumanSource":{"id":0,"lastName":"ANNABASSI6","description":"","reputation":"","name":"@ANNABASSI6","userName":"ANNABASSI6","firstName":"ANNABASSI6","urlSocialMedia":"https:\/\/twitter.com\/ANNABASSI6"}}],"description":null,"textName":"null","createDate":"Tue Jun 09 16:04:06 +0200 2015","publishDate":null,"resourceCategories":[]}},{"Text":{"credibility":true,"lastUpdate":null,"url":"","creator":"","content":"RT @emanuelefiano: #CasaPound a #Roma tenta l'assalto al Campidoglio con i 5Stelle. #Sorial 5S da #Sky invita tutti a raggiungerli. Neofasc\u2026","id":0,"resourceStatus":{"id":"","description":"","name":""},"title":"Twitter","source":[{"HumanSource":{"id":0,"lastName":"pdnetwork","description":"","reputation":"","name":"@pdnetwork","userName":"pdnetwork","firstName":"pdnetwork","urlSocialMedia":"https:\/\/twitter.com\/pdnetwork"}}],"description":null,"textName":"null","createDate":"Tue Jun 09 16:04:36 +0200 2015","publishDate":null,"resourceCategories":[]}}],"eventTag":[],"classified":[{"id":0,"description":"","name":"Manifestazione","uri":"http:\/\/secure.eng.it\/ontologySecure\/category.owl#\/Manifestazione"}],"severity":"Medium","entities":[],"related":[],"country":"","id":0,"administrative_area_level_2":"","administrative_area_level_1":"","description":"EVENTO COMPLESSO GENERATO DA: Evento prodotto dall'analisi dei tweets;","route":"","postal_code":0,"locality":"","radius":0.0,"street_number":0,"longitude":0.0,"latitude":0.0,"atTime":1433860038000,"circa":1433860038000}