{"credibility":false,"eventResource":[{"Text":{"credibility":true,"lastUpdate":null,"url":"","creator":"","content":"Esclusivo: vedremo come da dentro il corteo si sono mossi i black block @ValerCastellano #lagabbia","id":0,"resourceStatus":{"id":"","description":"","name":""},"title":"Twitter","source":[{"HumanSource":{"id":0,"lastName":"LaGabbiaTw","description":"","reputation":"","name":"@LaGabbiaTw","userName":"LaGabbiaTw","firstName":"LaGabbiaTw","urlSocialMedia":"https:\/\/twitter.com\/LaGabbiaTw"}}],"description":null,"textName":"null","createDate":"Wed May 06 21:21:04 +0200 2015","publishDate":null,"resourceCategories":[]}},{"Text":{"credibility":true,"lastUpdate":null,"url":"","creator":"","content":"RT @LaGabbiaTw: Esclusivo: vedremo come da dentro il corteo si sono mossi i black block @ValerCastellano #lagabbia","id":0,"resourceStatus":{"id":"","description":"","name":""},"title":"Twitter","source":[{"HumanSource":{"id":0,"lastName":"LorenzoComar","description":"","reputation":"","name":"@LorenzoComar","userName":"LorenzoComar","firstName":"LorenzoComar","urlSocialMedia":"https:\/\/twitter.com\/LorenzoComar"}}],"description":null,"textName":"null","createDate":"Wed May 06 21:21:13 +0200 2015","publishDate":null,"resourceCategories":[]}},{"Text":{"credibility":true,"lastUpdate":null,"url":"","creator":"","content":"RT @LaGabbiaTw: Esclusivo: vedremo come da dentro il corteo si sono mossi i black block @ValerCastellano #lagabbia","id":0,"resourceStatus":{"id":"","description":"","name":""},"title":"Twitter","source":[{"HumanSource":{"id":0,"lastName":"Roberto70Yahoo","description":"","reputation":"","name":"@Roberto70Yahoo","userName":"Roberto70Yahoo","firstName":"Roberto70Yahoo","urlSocialMedia":"https:\/\/twitter.com\/Roberto70Yahoo"}}],"description":null,"textName":"null","createDate":"Wed May 06 21:21:38 +0200 2015","publishDate":null,"resourceCategories":[]}},{"Text":{"credibility":true,"lastUpdate":null,"url":"","creator":"","content":"RT @LaGabbiaTw: Esclusivo: vedremo come da dentro il corteo si sono mossi i black block @ValerCastellano #lagabbia","id":0,"resourceStatus":{"id":"","description":"","name":""},"title":"Twitter","source":[{"HumanSource":{"id":0,"lastName":"rabyRabia","description":"","reputation":"","name":"@rabyRabia","userName":"rabyRabia","firstName":"rabyRabia","urlSocialMedia":"https:\/\/twitter.com\/rabyRabia"}}],"description":null,"textName":"null","createDate":"Wed May 06 21:24:35 +0200 2015","publishDate":null,"resourceCategories":[]}},{"Text":{"credibility":true,"lastUpdate":null,"url":"","creator":"","content":"#lagabbia #blackbloc \"le macchine incendiate in un corteo è un rischio da mettere in conto\".....peccato che il conto non lo pagano loro","id":0,"resourceStatus":{"id":"","description":"","name":""},"title":"Twitter","source":[{"HumanSource":{"id":0,"lastName":"IdaPutrino","description":"","reputation":"","name":"@IdaPutrino","userName":"IdaPutrino","firstName":"IdaPutrino","urlSocialMedia":"https:\/\/twitter.com\/IdaPutrino"}}],"description":null,"textName":"null","createDate":"Wed May 06 21:27:47 +0200 2015","publishDate":null,"resourceCategories":[]}},{"Text":{"credibility":true,"lastUpdate":null,"url":"","creator":"","content":"RT @LaGabbiaTw: Esclusivo: vedremo come da dentro il corteo si sono mossi i black block @ValerCastellano #lagabbia","id":0,"resourceStatus":{"id":"","description":"","name":""},"title":"Twitter","source":[{"HumanSource":{"id":0,"lastName":"rabyRabia","description":"","reputation":"","name":"@rabyRabia","userName":"rabyRabia","firstName":"rabyRabia","urlSocialMedia":"https:\/\/twitter.com\/rabyRabia"}}],"description":null,"textName":"null","createDate":"Wed May 06 21:28:17 +0200 2015","publishDate":null,"resourceCategories":[]}},{"Text":{"credibility":true,"lastUpdate":null,"url":"","creator":"","content":"RT @IdaPutrino: #lagabbia #blackbloc \"le macchine incendiate in un corteo è un rischio da mettere in conto\".....peccato che il conto non lo\u2026","id":0,"resourceStatus":{"id":"","description":"","name":""},"title":"Twitter","source":[{"HumanSource":{"id":0,"lastName":"dmrandyrhoads","description":"","reputation":"","name":"@dmrandyrhoads","userName":"dmrandyrhoads","firstName":"dmrandyrhoads","urlSocialMedia":"https:\/\/twitter.com\/dmrandyrhoads"}}],"description":null,"textName":"null","createDate":"Wed May 06 21:28:44 +0200 2015","publishDate":null,"resourceCategories":[]}}],"eventTag":[],"classified":[{"id":0,"description":"","name":"Assembramento","uri":"http:\/\/secure.eng.it\/ontologySecure\/category.owl#Assembramento"}],"severity":"high","entities":[],"related":[],"country":"","id":0,"administrative_area_level_2":"","administrative_area_level_1":"","description":"EVENTO COMPLESSO GENERATO DA: Evento prodotto dall'analisi dei tweets;","route":"","postal_code":0,"locality":"","radius":0.0,"street_number":0,"longitude":0.0,"latitude":0.0,"atTime":1431437929000,"circa":1431437929000}