{"credibility":false,"eventResource":[{"Text":{"credibility":true,"lastUpdate":null,"url":"","creator":"","content":"Messico, la polizia attacca a colpi di pietra l\u2019autobus degli studenti http:\/\/t.co\/xO8VzPHkZo","id":0,"resourceStatus":{"id":"","description":"","name":""},"title":"Twitter","source":[{"HumanSource":{"id":0,"lastName":"","description":"","reputation":"","name":"","userName":"Mex_in_Italia","firstName":"","urlSocialMedia":""}}],"description":null,"textName":"null","createDate":"Sun Apr 05 15:41:24 +0200 2015","publishDate":null,"resourceCategories":[]}}],"eventTag":[],"classified":[{"id":0,"description":"","name":"violenza_fisica","uri":null}],"severity":"high","entities":[],"related":[],"country":"","id":0,"administrative_area_level_2":"","administrative_area_level_1":"","description":"","route":"","postal_code":0,"locality":"","radius":0.0,"street_number":0,"longitude":0.0,"latitude":0.0,"atTime":1428241606000,"circa":1428241606000}