{"credibility":false,"eventResource":[{"Text":{"credibility":true,"lastUpdate":null,"url":"","creator":"","content":"Salta un cavo e scoppia  incendio Caos treni a Firenze, ritardi anche sull\u2019alta veloci... http:\/\/t.co\/ELFPZQhaPC http:\/\/t.co\/mE78dlnbvu","id":0,"resourceStatus":{"id":"","description":"","name":""},"title":"Twitter","source":[{"HumanSource":{"id":0,"lastName":"Corriereit","description":"","reputation":"","name":"@Corriereit","userName":"Corriereit","firstName":"Corriereit","urlSocialMedia":"https:\/\/twitter.com\/Corriereit"}}],"description":null,"textName":"null","createDate":"Thu Jul 16 18:40:45 +0200 2015","publishDate":null,"resourceCategories":[]}},{"Image":{"credibility":true,"imageName":"CKDMFanXAAEY1tL.jpg","rawData":null,"lastUpdate":null,"link":"http:\/\/pbs.twimg.com\/media\/CKDMFanXAAEY1tL.jpg","url":"","creator":"","id":0,"resourceStatus":{"id":"","description":"","name":""},"title":"Twitter","source":[{"HumanSource":{"id":0,"lastName":"Corriereit","description":"","reputation":"","name":"@Corriereit","userName":"Corriereit","firstName":"Corriereit","urlSocialMedia":"https:\/\/twitter.com\/Corriereit"}}],"description":null,"createDate":"Thu Jul 16 18:40:45 +0200 2015","publishDate":null,"resourceCategories":[]}},{"Text":{"credibility":true,"lastUpdate":null,"url":"","creator":"","content":"RT @Corriereit: Salta un cavo e scoppia  incendio Caos treni a Firenze, ritardi anche sull\u2019alta veloci... http:\/\/t.co\/ELFPZQhaPC http:\/\/t.c\u2026","id":0,"resourceStatus":{"id":"","description":"","name":""},"title":"Twitter","source":[{"HumanSource":{"id":0,"lastName":"maxtorchia","description":"","reputation":"","name":"@maxtorchia","userName":"maxtorchia","firstName":"maxtorchia","urlSocialMedia":"https:\/\/twitter.com\/maxtorchia"}}],"description":null,"textName":"null","createDate":"Thu Jul 16 18:41:42 +0200 2015","publishDate":null,"resourceCategories":[]}},{"Image":{"credibility":true,"imageName":"CKDMFanXAAEY1tL.jpg","rawData":null,"lastUpdate":null,"link":"http:\/\/pbs.twimg.com\/media\/CKDMFanXAAEY1tL.jpg","url":"","creator":"","id":0,"resourceStatus":{"id":"","description":"","name":""},"title":"Twitter","source":[{"HumanSource":{"id":0,"lastName":"maxtorchia","description":"","reputation":"","name":"@maxtorchia","userName":"maxtorchia","firstName":"maxtorchia","urlSocialMedia":"https:\/\/twitter.com\/maxtorchia"}}],"description":null,"createDate":"Thu Jul 16 18:41:42 +0200 2015","publishDate":null,"resourceCategories":[]}},{"Text":{"credibility":true,"lastUpdate":null,"url":"","creator":"","content":"RT @muoversintoscan: #Firenze Campo Marte, cavo rotto. Incendio e caos dei treni Passeggeri sotto il sole per un\u2019ora http:\/\/t.co\/9GDeXVuhN7\u2026","id":0,"resourceStatus":{"id":"","description":"","name":""},"title":"Twitter","source":[{"HumanSource":{"id":0,"lastName":"toscananotizie","description":"","reputation":"","name":"@toscananotizie","userName":"toscananotizie","firstName":"toscananotizie","urlSocialMedia":"https:\/\/twitter.com\/toscananotizie"}}],"description":null,"textName":"null","createDate":"Thu Jul 16 18:41:51 +0200 2015","publishDate":null,"resourceCategories":[]}},{"Text":{"credibility":true,"lastUpdate":null,"url":"","creator":"","content":"#news Salta un cavo e scoppia  incendio \nCaos treni a Firenze, ritardi anche sull\u2019alta velocità - Le ... http:\/\/t.co\/lssmIdUdKp #italia","id":0,"resourceStatus":{"id":"","description":"","name":""},"title":"Twitter","source":[{"HumanSource":{"id":0,"lastName":"GianluigiLaroll","description":"","reputation":"","name":"@GianluigiLaroll","userName":"GianluigiLaroll","firstName":"GianluigiLaroll","urlSocialMedia":"https:\/\/twitter.com\/GianluigiLaroll"}}],"description":null,"textName":"null","createDate":"Thu Jul 16 18:41:57 +0200 2015","publishDate":null,"resourceCategories":[]}},{"Text":{"credibility":true,"lastUpdate":null,"url":"","creator":"","content":"Salta un cavo e scoppia  incendio \nCaos treni a Firenze, ritardi anche sull\u2019alta velocità... http:\/\/t.co\/t6dMgKt3Hn from #corriere #tns","id":0,"resourceStatus":{"id":"","description":"","name":""},"title":"Twitter","source":[{"HumanSource":{"id":0,"lastName":"thenewsselector","description":"","reputation":"","name":"@thenewsselector","userName":"thenewsselector","firstName":"thenewsselector","urlSocialMedia":"https:\/\/twitter.com\/thenewsselector"}}],"description":null,"textName":"null","createDate":"Thu Jul 16 18:41:59 +0200 2015","publishDate":null,"resourceCategories":[]}},{"Text":{"credibility":true,"lastUpdate":null,"url":"","creator":"","content":"RT @Corriereit: Salta un cavo e scoppia  incendio Caos treni a Firenze, ritardi anche sull\u2019alta veloci... http:\/\/t.co\/ELFPZQhaPC http:\/\/t.c\u2026","id":0,"resourceStatus":{"id":"","description":"","name":""},"title":"Twitter","source":[{"HumanSource":{"id":0,"lastName":"rainbow_dog","description":"","reputation":"","name":"@rainbow_dog","userName":"rainbow_dog","firstName":"rainbow_dog","urlSocialMedia":"https:\/\/twitter.com\/rainbow_dog"}}],"description":null,"textName":"null","createDate":"Thu Jul 16 18:42:15 +0200 2015","publishDate":null,"resourceCategories":[]}},{"Image":{"credibility":true,"imageName":"CKDMFanXAAEY1tL.jpg","rawData":null,"lastUpdate":null,"link":"http:\/\/pbs.twimg.com\/media\/CKDMFanXAAEY1tL.jpg","url":"","creator":"","id":0,"resourceStatus":{"id":"","description":"","name":""},"title":"Twitter","source":[{"HumanSource":{"id":0,"lastName":"rainbow_dog","description":"","reputation":"","name":"@rainbow_dog","userName":"rainbow_dog","firstName":"rainbow_dog","urlSocialMedia":"https:\/\/twitter.com\/rainbow_dog"}}],"description":null,"createDate":"Thu Jul 16 18:42:15 +0200 2015","publishDate":null,"resourceCategories":[]}},{"Text":{"credibility":true,"lastUpdate":null,"url":"","creator":"","content":"RT @Corriereit: Salta un cavo e scoppia  incendio Caos treni a Firenze, ritardi anche sull\u2019alta veloci... http:\/\/t.co\/ELFPZQhaPC http:\/\/t.c\u2026","id":0,"resourceStatus":{"id":"","description":"","name":""},"title":"Twitter","source":[{"HumanSource":{"id":0,"lastName":"magnagnagne","description":"","reputation":"","name":"@magnagnagne","userName":"magnagnagne","firstName":"magnagnagne","urlSocialMedia":"https:\/\/twitter.com\/magnagnagne"}}],"description":null,"textName":"null","createDate":"Thu Jul 16 18:42:32 +0200 2015","publishDate":null,"resourceCategories":[]}},{"Image":{"credibility":true,"imageName":"CKDMFanXAAEY1tL.jpg","rawData":null,"lastUpdate":null,"link":"http:\/\/pbs.twimg.com\/media\/CKDMFanXAAEY1tL.jpg","url":"","creator":"","id":0,"resourceStatus":{"id":"","description":"","name":""},"title":"Twitter","source":[{"HumanSource":{"id":0,"lastName":"magnagnagne","description":"","reputation":"","name":"@magnagnagne","userName":"magnagnagne","firstName":"magnagnagne","urlSocialMedia":"https:\/\/twitter.com\/magnagnagne"}}],"description":null,"createDate":"Thu Jul 16 18:42:32 +0200 2015","publishDate":null,"resourceCategories":[]}},{"Text":{"credibility":true,"lastUpdate":null,"url":"","creator":"","content":"RT @Corriereit: Salta un cavo e scoppia  incendio Caos treni a Firenze, ritardi anche sull\u2019alta veloci... http:\/\/t.co\/ELFPZQhaPC http:\/\/t.c\u2026","id":0,"resourceStatus":{"id":"","description":"","name":""},"title":"Twitter","source":[{"HumanSource":{"id":0,"lastName":"JessBennigton","description":"","reputation":"","name":"@JessBennigton","userName":"JessBennigton","firstName":"JessBennigton","urlSocialMedia":"https:\/\/twitter.com\/JessBennigton"}}],"description":null,"textName":"null","createDate":"Thu Jul 16 18:43:27 +0200 2015","publishDate":null,"resourceCategories":[]}},{"Image":{"credibility":true,"imageName":"CKDMFanXAAEY1tL.jpg","rawData":null,"lastUpdate":null,"link":"http:\/\/pbs.twimg.com\/media\/CKDMFanXAAEY1tL.jpg","url":"","creator":"","id":0,"resourceStatus":{"id":"","description":"","name":""},"title":"Twitter","source":[{"HumanSource":{"id":0,"lastName":"JessBennigton","description":"","reputation":"","name":"@JessBennigton","userName":"JessBennigton","firstName":"JessBennigton","urlSocialMedia":"https:\/\/twitter.com\/JessBennigton"}}],"description":null,"createDate":"Thu Jul 16 18:43:27 +0200 2015","publishDate":null,"resourceCategories":[]}},{"Text":{"credibility":true,"lastUpdate":null,"url":"","creator":"","content":"RT @Corriereit: Salta un cavo e scoppia  incendio Caos treni a Firenze, ritardi anche sull\u2019alta veloci... http:\/\/t.co\/ELFPZQhaPC http:\/\/t.c\u2026","id":0,"resourceStatus":{"id":"","description":"","name":""},"title":"Twitter","source":[{"HumanSource":{"id":0,"lastName":"aninhaframos","description":"","reputation":"","name":"@aninhaframos","userName":"aninhaframos","firstName":"aninhaframos","urlSocialMedia":"https:\/\/twitter.com\/aninhaframos"}}],"description":null,"textName":"null","createDate":"Thu Jul 16 18:43:39 +0200 2015","publishDate":null,"resourceCategories":[]}},{"Image":{"credibility":true,"imageName":"CKDMFanXAAEY1tL.jpg","rawData":null,"lastUpdate":null,"link":"http:\/\/pbs.twimg.com\/media\/CKDMFanXAAEY1tL.jpg","url":"","creator":"","id":0,"resourceStatus":{"id":"","description":"","name":""},"title":"Twitter","source":[{"HumanSource":{"id":0,"lastName":"aninhaframos","description":"","reputation":"","name":"@aninhaframos","userName":"aninhaframos","firstName":"aninhaframos","urlSocialMedia":"https:\/\/twitter.com\/aninhaframos"}}],"description":null,"createDate":"Thu Jul 16 18:43:39 +0200 2015","publishDate":null,"resourceCategories":[]}},{"Text":{"credibility":true,"lastUpdate":null,"url":"","creator":"","content":"Firenze, incendio sulla ferrovia a Campo di Marte. Pendolari bloccati a bordo di due treni: http:\/\/t.co\/unO0OStZjD via @FirenzePost","id":0,"resourceStatus":{"id":"","description":"","name":""},"title":"Twitter","source":[{"HumanSource":{"id":0,"lastName":"papaopad","description":"","reputation":"","name":"@papaopad","userName":"papaopad","firstName":"papaopad","urlSocialMedia":"https:\/\/twitter.com\/papaopad"}}],"description":null,"textName":"null","createDate":"Thu Jul 16 18:43:43 +0200 2015","publishDate":null,"resourceCategories":[]}},{"Text":{"credibility":true,"lastUpdate":null,"url":"","creator":"","content":"teletruria.it - Treni fermi causa incendio http:\/\/t.co\/KfoEV1fAzo","id":0,"resourceStatus":{"id":"","description":"","name":""},"title":"Twitter","source":[{"HumanSource":{"id":0,"lastName":"Teletruria","description":"","reputation":"","name":"@Teletruria","userName":"Teletruria","firstName":"Teletruria","urlSocialMedia":"https:\/\/twitter.com\/Teletruria"}}],"description":null,"textName":"null","createDate":"Thu Jul 16 18:44:01 +0200 2015","publishDate":null,"resourceCategories":[]}},{"Text":{"credibility":true,"lastUpdate":null,"url":"","creator":"","content":"teletruria.it - Treni fermi causa incendio http:\/\/t.co\/1Qg8gf3yQy","id":0,"resourceStatus":{"id":"","description":"","name":""},"title":"Twitter","source":[{"HumanSource":{"id":0,"lastName":"Teletruria","description":"","reputation":"","name":"@Teletruria","userName":"Teletruria","firstName":"Teletruria","urlSocialMedia":"https:\/\/twitter.com\/Teletruria"}}],"description":null,"textName":"null","createDate":"Thu Jul 16 18:44:29 +0200 2015","publishDate":null,"resourceCategories":[]}}],"eventTag":[],"classified":[{"id":0,"description":"","name":"Incidente Industriale","uri":"http:\/\/secure.eng.it\/ontologySecure\/category.owl#Incidente_Industriale"}],"severity":"High","entities":[],"related":[],"country":"","id":0,"administrative_area_level_2":"","administrative_area_level_1":"","description":"EVENTO COMPLESSO GENERATO DA: Evento prodotto dall'analisi dei tweets;","route":"","postal_code":0,"locality":"","radius":0.0,"street_number":0,"longitude":0.0,"latitude":0.0,"atTime":1437066583000,"circa":1437066583000}