{"credibility":false,"eventResource":[],"eventTag":[],"classified":[{"id":0,"description":"","name":"Rapina","uri":"http:\/\/secure.eng.it\/ontologySecure\/category.owl#\/Rapina"}],"severity":"high","entities":[],"related":[],"country":"","id":0,"administrative_area_level_2":"","administrative_area_level_1":"","description":"EVENTO COMPLESSO GENERATO DA: Interfaccia (Manuale);","route":"","postal_code":0,"locality":"","radius":0.0,"street_number":0,"longitude":0.0,"latitude":0.0,"atTime":1429264061000,"circa":1429264061000}