{"credibility":false,"eventResource":[{"Text":{"credibility":true,"lastUpdate":null,"url":"","creator":"","content":"Corteo #NoExpo, poliziotto pestato al corteo di Milano: arrestato un 28enne @Corriereit  http:\/\/t.co\/gjDErF4wWE http:\/\/t.co\/dz2lZduANF","id":0,"resourceStatus":{"id":"","description":"","name":""},"title":"Twitter","source":[{"HumanSource":{"id":0,"lastName":"lex_sala","description":"","reputation":"","name":"@lex_sala","userName":"lex_sala","firstName":"lex_sala","urlSocialMedia":"https:\/\/twitter.com\/lex_sala"}}],"description":null,"textName":"null","createDate":"Tue May 19 07:49:19 +0200 2015","publishDate":null,"resourceCategories":[]}},{"Image":{"credibility":true,"imageName":"CFWKxMMW8AAiiG_.jpg","rawData":null,"lastUpdate":null,"link":"http:\/\/pbs.twimg.com\/media\/CFWKxMMW8AAiiG_.jpg","url":"","creator":"","id":0,"resourceStatus":{"id":"","description":"","name":""},"title":"Twitter","source":[{"HumanSource":{"id":0,"lastName":"lex_sala","description":"","reputation":"","name":"@lex_sala","userName":"lex_sala","firstName":"lex_sala","urlSocialMedia":"https:\/\/twitter.com\/lex_sala"}}],"description":null,"createDate":"Tue May 19 07:49:19 +0200 2015","publishDate":null,"resourceCategories":[]}},{"Text":{"credibility":true,"lastUpdate":null,"url":"","creator":"","content":"No Expo, poliziotto pestato al corteo: arrestato un 28enne a Milano http:\/\/t.co\/R6QuenL6u3 http:\/\/t.co\/vZtqcTf1FE","id":0,"resourceStatus":{"id":"","description":"","name":""},"title":"Twitter","source":[{"HumanSource":{"id":0,"lastName":"mediafinancial","description":"","reputation":"","name":"@mediafinancial","userName":"mediafinancial","firstName":"mediafinancial","urlSocialMedia":"https:\/\/twitter.com\/mediafinancial"}}],"description":null,"textName":"null","createDate":"Tue May 19 07:51:01 +0200 2015","publishDate":null,"resourceCategories":[]}},{"Text":{"credibility":true,"lastUpdate":null,"url":"","creator":"","content":"No Expo, poliziotto pestato al corteo: arrestato un 28enne a Milano http:\/\/t.co\/R6Queo2HlB","id":0,"resourceStatus":{"id":"","description":"","name":""},"title":"Twitter","source":[{"HumanSource":{"id":0,"lastName":"mediafinancial","description":"","reputation":"","name":"@mediafinancial","userName":"mediafinancial","firstName":"mediafinancial","urlSocialMedia":"https:\/\/twitter.com\/mediafinancial"}}],"description":null,"textName":"null","createDate":"Tue May 19 07:51:02 +0200 2015","publishDate":null,"resourceCategories":[]}},{"Text":{"credibility":true,"lastUpdate":null,"url":"","creator":"","content":"No Expo, poliziotto pestato al corteo: arrestato un 28enne a Milano - No Expo, poliziotto pestato al... http:\/\/t.co\/0Qw1MaEXa9","id":0,"resourceStatus":{"id":"","description":"","name":""},"title":"Twitter","source":[{"HumanSource":{"id":0,"lastName":"mediafinancial","description":"","reputation":"","name":"@mediafinancial","userName":"mediafinancial","firstName":"mediafinancial","urlSocialMedia":"https:\/\/twitter.com\/mediafinancial"}}],"description":null,"textName":"null","createDate":"Tue May 19 07:51:03 +0200 2015","publishDate":null,"resourceCategories":[]}}],"eventTag":[],"classified":[{"id":0,"description":"","name":"Assembramento","uri":"http:\/\/secure.eng.it\/ontologySecure\/category.owl#Assembramento"}],"severity":"high","entities":[],"related":[],"country":"","id":0,"administrative_area_level_2":"","administrative_area_level_1":"","description":"EVENTO COMPLESSO GENERATO DA: Evento prodotto dall'analisi dei tweets;","route":"","postal_code":0,"locality":"","radius":0.0,"street_number":0,"longitude":0.0,"latitude":0.0,"atTime":1432203455000,"circa":1432203455000}