{"credibility":false,"eventResource":[{"Text":{"credibility":true,"lastUpdate":null,"url":"","creator":"","content":"LeBron onnipotente. Ma attacco Cavs troppo troppo fermo. Solo isolamenti e post up. LBJ così a fine serie ci arriva morto.","id":0,"resourceStatus":{"id":"","description":"","name":""},"title":"Twitter","source":[{"HumanSource":{"id":0,"lastName":"LennyCav","description":"","reputation":"","name":"@LennyCav","userName":"LennyCav","firstName":"LennyCav","urlSocialMedia":"https:\/\/twitter.com\/LennyCav"}}],"description":null,"textName":"null","createDate":"Fri Jun 05 11:55:13 +0200 2015","publishDate":null,"resourceCategories":[]}}],"eventTag":[],"classified":[{"id":0,"description":"","name":"Attacco","uri":"null"}],"severity":"high","entities":[],"related":[],"country":"","id":0,"administrative_area_level_2":"","administrative_area_level_1":"","description":"EVENTO COMPLESSO GENERATO DA: Evento prodotto dall'analisi dei tweets;","route":"","postal_code":0,"locality":"","radius":0.0,"street_number":0,"longitude":0.0,"latitude":0.0,"atTime":1433499523000,"circa":1433499523000}