{"credibility":false,"eventResource":[{"Text":{"credibility":true,"lastUpdate":null,"url":"","creator":"","content":"RT @NiccoloZancan: Le manifestazione del No e del Sì a 700 metri di distanza. La polizia in mezzo. Atene. @la_stampa http:\/\/t.co\/0HTWTaDa6B","id":0,"resourceStatus":{"id":"","description":"","name":""},"title":"Twitter","source":[{"HumanSource":{"id":0,"lastName":"bridges2italy","description":"","reputation":"","name":"@bridges2italy","userName":"bridges2italy","firstName":"bridges2italy","urlSocialMedia":"https:\/\/twitter.com\/bridges2italy"}}],"description":null,"textName":"null","createDate":"Fri Jul 03 18:43:55 +0200 2015","publishDate":null,"resourceCategories":[]}},{"Image":{"credibility":true,"imageName":"CJABLsyWcAAdfkl.jpg","rawData":null,"lastUpdate":null,"link":"http:\/\/pbs.twimg.com\/media\/CJABLsyWcAAdfkl.jpg","url":"","creator":"","id":0,"resourceStatus":{"id":"","description":"","name":""},"title":"Twitter","source":[{"HumanSource":{"id":0,"lastName":"bridges2italy","description":"","reputation":"","name":"@bridges2italy","userName":"bridges2italy","firstName":"bridges2italy","urlSocialMedia":"https:\/\/twitter.com\/bridges2italy"}}],"description":null,"createDate":"Fri Jul 03 18:43:55 +0200 2015","publishDate":null,"resourceCategories":[]}}],"eventTag":[],"classified":[{"id":0,"description":"","name":"Disordini","uri":"http:\/\/secure.eng.it\/ontologySecure\/category.owl#Disordini"}],"severity":"high","entities":[],"related":[],"country":"","id":0,"administrative_area_level_2":"","administrative_area_level_1":"","description":"EVENTO COMPLESSO GENERATO DA: Evento prodotto dall'analisi dei tweets;","route":"","postal_code":0,"locality":"","radius":0.0,"street_number":0,"longitude":0.0,"latitude":0.0,"atTime":1435943634000,"circa":1435943634000}