{"credibility":false,"eventResource":[{"Text":{"credibility":true,"lastUpdate":null,"url":"","creator":"","content":"Toh al corteo di #MaiConSalvini si gridava \" Carabinieri di merda \" e manifestante dice \" chi e' contro le mie idee deve morire\" #virusrai2","id":0,"resourceStatus":{"id":"","description":"","name":""},"title":"Twitter","source":[{"HumanSource":{"id":0,"lastName":"stefaniami","description":"","reputation":"","name":"@stefaniami","userName":"stefaniami","firstName":"stefaniami","urlSocialMedia":"https:\/\/twitter.com\/stefaniami"}}],"description":null,"textName":"null","createDate":"Thu Mar 05 21:27:31 +0100 2015","publishDate":null,"resourceCategories":[]}}],"eventTag":[],"classified":[{"id":0,"description":"","name":"affollamento","uri":null}],"severity":"high","entities":[],"related":[],"country":"","id":0,"administrative_area_level_2":"","administrative_area_level_1":"","description":"EVENTO COMPLESSO GENERATO DA: Evento prodotto dall'analisi dei tweets;","route":"","postal_code":0,"locality":"","radius":0.0,"street_number":0,"longitude":0.0,"latitude":0.0,"atTime":1429628891000,"circa":1429628891000}