{"credibility":false,"eventResource":[{"Text":{"credibility":true,"lastUpdate":null,"url":"","creator":"","content":"Monza, sabato sfila il corteo della regina Teodolinda: «Expo 2015 l\u2019ha visto in anteprima» http:\/\/t.co\/0azKCopgNM http:\/\/t.co\/bcREwm8GL9","id":0,"resourceStatus":{"id":"","description":"","name":""},"title":"Twitter","source":[{"HumanSource":{"id":0,"lastName":"ilcittadinomb","description":"","reputation":"","name":"@ilcittadinomb","userName":"ilcittadinomb","firstName":"ilcittadinomb","urlSocialMedia":"https:\/\/twitter.com\/ilcittadinomb"}}],"description":null,"textName":"null","createDate":"Wed Jun 10 12:32:11 +0200 2015","publishDate":null,"resourceCategories":[]}}],"eventTag":[],"classified":[{"id":0,"description":"","name":"Assembramento","uri":"http:\/\/secure.eng.it\/ontologySecure\/category.owl#Assembramento"}],"severity":"high","entities":[],"related":[],"country":"","id":0,"administrative_area_level_2":"","administrative_area_level_1":"","description":"EVENTO COMPLESSO GENERATO DA: Evento prodotto dall'analisi dei tweets;","route":"","postal_code":0,"locality":"","radius":0.0,"street_number":0,"longitude":10.402135,"latitude":43.716274,"atTime":1433933935000,"circa":1433933935000}