{"credibility":false,"eventResource":[{"Text":{"credibility":true,"lastUpdate":null,"url":"","creator":"","content":"#Passaparola 󾮗 #Roma 14 Giugno ore 09:30 incontro in Piazza D'Aracoeli. Il corteo poi si dirigerà verso piazza... http:\/\/t.co\/bveD2UwxZ7","id":0,"resourceStatus":{"id":"","description":"","name":""},"title":"Twitter","source":[{"HumanSource":{"id":0,"lastName":"maryfalco71","description":"","reputation":"","name":"@maryfalco71","userName":"maryfalco71","firstName":"maryfalco71","urlSocialMedia":"https:\/\/twitter.com\/maryfalco71"}}],"description":null,"textName":"null","createDate":"Tue Jun 09 11:03:34 +0200 2015","publishDate":null,"resourceCategories":[]}}],"eventTag":[],"classified":[{"id":0,"description":"","name":"Assembramento","uri":"http:\/\/secure.eng.it\/ontologySecure\/category.owl#Assembramento"}],"severity":"high","entities":[],"related":[],"country":"","id":0,"administrative_area_level_2":"","administrative_area_level_1":"","description":"EVENTO COMPLESSO GENERATO DA: Evento prodotto dall'analisi dei tweets;","route":"","postal_code":0,"locality":"","radius":0.0,"street_number":0,"longitude":0.0,"latitude":0.0,"atTime":1434267000000,"circa":1434267000000}