{"credibility":false,"eventResource":[{"Text":{"credibility":true,"lastUpdate":null,"url":"","creator":"","content":"RT @Marghe_cantiere: Sta per partire il corteo a sostegno dei facchini #logistica #Sda a via di Salone #Roma:se toccano uno toccano tutti h\u2026","id":0,"resourceStatus":{"id":"","description":"","name":""},"title":"Twitter","source":[{"HumanSource":{"id":0,"lastName":"adriansia1","description":"","reputation":"","name":"@adriansia1","userName":"adriansia1","firstName":"adriansia1","urlSocialMedia":"https:\/\/twitter.com\/adriansia1"}}],"description":null,"textName":"null","createDate":"Mon Jun 08 09:56:18 +0200 2015","publishDate":null,"resourceCategories":[]}},{"Image":{"credibility":true,"imageName":"CG9lXEDXIAADEGh.jpg","rawData":null,"lastUpdate":null,"link":"http:\/\/pbs.twimg.com\/media\/CG9lXEDXIAADEGh.jpg","url":"","creator":"","id":0,"resourceStatus":{"id":"","description":"","name":""},"title":"Twitter","source":[{"HumanSource":{"id":0,"lastName":"adriansia1","description":"","reputation":"","name":"@adriansia1","userName":"adriansia1","firstName":"adriansia1","urlSocialMedia":"https:\/\/twitter.com\/adriansia1"}}],"description":null,"createDate":"Mon Jun 08 09:56:18 +0200 2015","publishDate":null,"resourceCategories":[]}},{"Text":{"credibility":true,"lastUpdate":null,"url":"","creator":"","content":"RT @Marghe_cantiere: Sta per partire il corteo a sostegno dei facchini #logistica #Sda a via di Salone #Roma:se toccano uno toccano tutti h\u2026","id":0,"resourceStatus":{"id":"","description":"","name":""},"title":"Twitter","source":[{"HumanSource":{"id":0,"lastName":"chicago86","description":"","reputation":"","name":"@chicago86","userName":"chicago86","firstName":"chicago86","urlSocialMedia":"https:\/\/twitter.com\/chicago86"}}],"description":null,"textName":"null","createDate":"Mon Jun 08 09:57:36 +0200 2015","publishDate":null,"resourceCategories":[]}},{"Image":{"credibility":true,"imageName":"CG9lXEDXIAADEGh.jpg","rawData":null,"lastUpdate":null,"link":"http:\/\/pbs.twimg.com\/media\/CG9lXEDXIAADEGh.jpg","url":"","creator":"","id":0,"resourceStatus":{"id":"","description":"","name":""},"title":"Twitter","source":[{"HumanSource":{"id":0,"lastName":"chicago86","description":"","reputation":"","name":"@chicago86","userName":"chicago86","firstName":"chicago86","urlSocialMedia":"https:\/\/twitter.com\/chicago86"}}],"description":null,"createDate":"Mon Jun 08 09:57:36 +0200 2015","publishDate":null,"resourceCategories":[]}},{"Text":{"credibility":true,"lastUpdate":null,"url":"","creator":"","content":"Roma, via di Salone. Parte il corteo a sostegno dei lavoratori #Sda in lotta #logistica #unitisivince http:\/\/t.co\/VncymdkLcH","id":0,"resourceStatus":{"id":"","description":"","name":""},"title":"Twitter","source":[{"HumanSource":{"id":0,"lastName":"bpm_roma","description":"","reputation":"","name":"@bpm_roma","userName":"bpm_roma","firstName":"bpm_roma","urlSocialMedia":"https:\/\/twitter.com\/bpm_roma"}}],"description":null,"textName":"null","createDate":"Mon Jun 08 09:58:18 +0200 2015","publishDate":null,"resourceCategories":[]}},{"Image":{"credibility":true,"imageName":"CG9oEsgXEAABqAE.jpg","rawData":null,"lastUpdate":null,"link":"http:\/\/pbs.twimg.com\/media\/CG9oEsgXEAABqAE.jpg","url":"","creator":"","id":0,"resourceStatus":{"id":"","description":"","name":""},"title":"Twitter","source":[{"HumanSource":{"id":0,"lastName":"bpm_roma","description":"","reputation":"","name":"@bpm_roma","userName":"bpm_roma","firstName":"bpm_roma","urlSocialMedia":"https:\/\/twitter.com\/bpm_roma"}}],"description":null,"createDate":"Mon Jun 08 09:58:18 +0200 2015","publishDate":null,"resourceCategories":[]}},{"Text":{"credibility":true,"lastUpdate":null,"url":"","creator":"","content":"RT @bpm_roma: Roma, via di Salone. Parte il corteo a sostegno dei lavoratori #Sda in lotta #logistica #unitisivince http:\/\/t.co\/VncymdkLcH","id":0,"resourceStatus":{"id":"","description":"","name":""},"title":"Twitter","source":[{"HumanSource":{"id":0,"lastName":"zeropregi","description":"","reputation":"","name":"@zeropregi","userName":"zeropregi","firstName":"zeropregi","urlSocialMedia":"https:\/\/twitter.com\/zeropregi"}}],"description":null,"textName":"null","createDate":"Mon Jun 08 09:58:31 +0200 2015","publishDate":null,"resourceCategories":[]}},{"Image":{"credibility":true,"imageName":"CG9oEsgXEAABqAE.jpg","rawData":null,"lastUpdate":null,"link":"http:\/\/pbs.twimg.com\/media\/CG9oEsgXEAABqAE.jpg","url":"","creator":"","id":0,"resourceStatus":{"id":"","description":"","name":""},"title":"Twitter","source":[{"HumanSource":{"id":0,"lastName":"zeropregi","description":"","reputation":"","name":"@zeropregi","userName":"zeropregi","firstName":"zeropregi","urlSocialMedia":"https:\/\/twitter.com\/zeropregi"}}],"description":null,"createDate":"Mon Jun 08 09:58:31 +0200 2015","publishDate":null,"resourceCategories":[]}},{"Text":{"credibility":true,"lastUpdate":null,"url":"","creator":"","content":"RT @bpm_roma: Roma, via di Salone. Parte il corteo a sostegno dei lavoratori #Sda in lotta #logistica #unitisivince http:\/\/t.co\/VncymdkLcH","id":0,"resourceStatus":{"id":"","description":"","name":""},"title":"Twitter","source":[{"HumanSource":{"id":0,"lastName":"dinovelvet_1999","description":"","reputation":"","name":"@dinovelvet_1999","userName":"dinovelvet_1999","firstName":"dinovelvet_1999","urlSocialMedia":"https:\/\/twitter.com\/dinovelvet_1999"}}],"description":null,"textName":"null","createDate":"Mon Jun 08 09:58:45 +0200 2015","publishDate":null,"resourceCategories":[]}},{"Image":{"credibility":true,"imageName":"CG9oEsgXEAABqAE.jpg","rawData":null,"lastUpdate":null,"link":"http:\/\/pbs.twimg.com\/media\/CG9oEsgXEAABqAE.jpg","url":"","creator":"","id":0,"resourceStatus":{"id":"","description":"","name":""},"title":"Twitter","source":[{"HumanSource":{"id":0,"lastName":"dinovelvet_1999","description":"","reputation":"","name":"@dinovelvet_1999","userName":"dinovelvet_1999","firstName":"dinovelvet_1999","urlSocialMedia":"https:\/\/twitter.com\/dinovelvet_1999"}}],"description":null,"createDate":"Mon Jun 08 09:58:45 +0200 2015","publishDate":null,"resourceCategories":[]}},{"Text":{"credibility":true,"lastUpdate":null,"url":"","creator":"","content":"RT @bpm_roma: Roma, via di Salone. Parte il corteo a sostegno dei lavoratori #Sda in lotta #logistica #unitisivince http:\/\/t.co\/VncymdkLcH","id":0,"resourceStatus":{"id":"","description":"","name":""},"title":"Twitter","source":[{"HumanSource":{"id":0,"lastName":"Marghe_cantiere","description":"","reputation":"","name":"@Marghe_cantiere","userName":"Marghe_cantiere","firstName":"Marghe_cantiere","urlSocialMedia":"https:\/\/twitter.com\/Marghe_cantiere"}}],"description":null,"textName":"null","createDate":"Mon Jun 08 09:59:43 +0200 2015","publishDate":null,"resourceCategories":[]}},{"Image":{"credibility":true,"imageName":"CG9oEsgXEAABqAE.jpg","rawData":null,"lastUpdate":null,"link":"http:\/\/pbs.twimg.com\/media\/CG9oEsgXEAABqAE.jpg","url":"","creator":"","id":0,"resourceStatus":{"id":"","description":"","name":""},"title":"Twitter","source":[{"HumanSource":{"id":0,"lastName":"Marghe_cantiere","description":"","reputation":"","name":"@Marghe_cantiere","userName":"Marghe_cantiere","firstName":"Marghe_cantiere","urlSocialMedia":"https:\/\/twitter.com\/Marghe_cantiere"}}],"description":null,"createDate":"Mon Jun 08 09:59:43 +0200 2015","publishDate":null,"resourceCategories":[]}},{"Text":{"credibility":true,"lastUpdate":null,"url":"","creator":"","content":"RT @bpm_roma: Roma, via di Salone. Parte il corteo a sostegno dei lavoratori #Sda in lotta #logistica #unitisivince http:\/\/t.co\/VncymdkLcH","id":0,"resourceStatus":{"id":"","description":"","name":""},"title":"Twitter","source":[{"HumanSource":{"id":0,"lastName":"palabritadepape","description":"","reputation":"","name":"@palabritadepape","userName":"palabritadepape","firstName":"palabritadepape","urlSocialMedia":"https:\/\/twitter.com\/palabritadepape"}}],"description":null,"textName":"null","createDate":"Mon Jun 08 10:00:13 +0200 2015","publishDate":null,"resourceCategories":[]}},{"Image":{"credibility":true,"imageName":"CG9oEsgXEAABqAE.jpg","rawData":null,"lastUpdate":null,"link":"http:\/\/pbs.twimg.com\/media\/CG9oEsgXEAABqAE.jpg","url":"","creator":"","id":0,"resourceStatus":{"id":"","description":"","name":""},"title":"Twitter","source":[{"HumanSource":{"id":0,"lastName":"palabritadepape","description":"","reputation":"","name":"@palabritadepape","userName":"palabritadepape","firstName":"palabritadepape","urlSocialMedia":"https:\/\/twitter.com\/palabritadepape"}}],"description":null,"createDate":"Mon Jun 08 10:00:13 +0200 2015","publishDate":null,"resourceCategories":[]}},{"Text":{"credibility":true,"lastUpdate":null,"url":"","creator":"","content":"Sta per partire il corteo a sostegno dei facchini #logistica #Sda a via di Salone #Roma:se toccano uno toccano tut\u2026 http:\/\/t.co\/lyP05ibqnw","id":0,"resourceStatus":{"id":"","description":"","name":""},"title":"Twitter","source":[{"HumanSource":{"id":0,"lastName":"ETCENGINEER","description":"","reputation":"","name":"@ETCENGINEER","userName":"ETCENGINEER","firstName":"ETCENGINEER","urlSocialMedia":"https:\/\/twitter.com\/ETCENGINEER"}}],"description":null,"textName":"null","createDate":"Mon Jun 08 10:00:17 +0200 2015","publishDate":null,"resourceCategories":[]}},{"Image":{"credibility":true,"imageName":"CG9lXEDXIAADEGh.jpg","rawData":null,"lastUpdate":null,"link":"http:\/\/pbs.twimg.com\/media\/CG9lXEDXIAADEGh.jpg","url":"","creator":"","id":0,"resourceStatus":{"id":"","description":"","name":""},"title":"Twitter","source":[{"HumanSource":{"id":0,"lastName":"ETCENGINEER","description":"","reputation":"","name":"@ETCENGINEER","userName":"ETCENGINEER","firstName":"ETCENGINEER","urlSocialMedia":"https:\/\/twitter.com\/ETCENGINEER"}}],"description":null,"createDate":"Mon Jun 08 10:00:17 +0200 2015","publishDate":null,"resourceCategories":[]}},{"Text":{"credibility":true,"lastUpdate":null,"url":"","creator":"","content":"RT Marghe_cantiere: Sta per partire il corteo a sostegno dei facchini #logistica #Sda a via di Salone #Roma:se toc\u2026 http:\/\/t.co\/lyP05ibqnw","id":0,"resourceStatus":{"id":"","description":"","name":""},"title":"Twitter","source":[{"HumanSource":{"id":0,"lastName":"ETCENGINEER","description":"","reputation":"","name":"@ETCENGINEER","userName":"ETCENGINEER","firstName":"ETCENGINEER","urlSocialMedia":"https:\/\/twitter.com\/ETCENGINEER"}}],"description":null,"textName":"null","createDate":"Mon Jun 08 10:00:18 +0200 2015","publishDate":null,"resourceCategories":[]}},{"Image":{"credibility":true,"imageName":"CG9lXEDXIAADEGh.jpg","rawData":null,"lastUpdate":null,"link":"http:\/\/pbs.twimg.com\/media\/CG9lXEDXIAADEGh.jpg","url":"","creator":"","id":0,"resourceStatus":{"id":"","description":"","name":""},"title":"Twitter","source":[{"HumanSource":{"id":0,"lastName":"ETCENGINEER","description":"","reputation":"","name":"@ETCENGINEER","userName":"ETCENGINEER","firstName":"ETCENGINEER","urlSocialMedia":"https:\/\/twitter.com\/ETCENGINEER"}}],"description":null,"createDate":"Mon Jun 08 10:00:18 +0200 2015","publishDate":null,"resourceCategories":[]}},{"Text":{"credibility":true,"lastUpdate":null,"url":"","creator":"","content":"Roma, via di Salone. Parte il corteo a sostegno dei lavoratori #Sda in lotta #logistica #unitisivince http:\/\/t.co\/yO2vyVmj6E","id":0,"resourceStatus":{"id":"","description":"","name":""},"title":"Twitter","source":[{"HumanSource":{"id":0,"lastName":"ETCENGINEER","description":"","reputation":"","name":"@ETCENGINEER","userName":"ETCENGINEER","firstName":"ETCENGINEER","urlSocialMedia":"https:\/\/twitter.com\/ETCENGINEER"}}],"description":null,"textName":"null","createDate":"Mon Jun 08 10:00:22 +0200 2015","publishDate":null,"resourceCategories":[]}},{"Image":{"credibility":true,"imageName":"CG9oEsgXEAABqAE.jpg","rawData":null,"lastUpdate":null,"link":"http:\/\/pbs.twimg.com\/media\/CG9oEsgXEAABqAE.jpg","url":"","creator":"","id":0,"resourceStatus":{"id":"","description":"","name":""},"title":"Twitter","source":[{"HumanSource":{"id":0,"lastName":"ETCENGINEER","description":"","reputation":"","name":"@ETCENGINEER","userName":"ETCENGINEER","firstName":"ETCENGINEER","urlSocialMedia":"https:\/\/twitter.com\/ETCENGINEER"}}],"description":null,"createDate":"Mon Jun 08 10:00:22 +0200 2015","publishDate":null,"resourceCategories":[]}},{"Text":{"credibility":true,"lastUpdate":null,"url":"","creator":"","content":"RT bpm_roma: Roma, via di Salone. Parte il corteo a sostegno dei lavoratori #Sda in lotta #logistica #unitisivince http:\/\/t.co\/yO2vyVmj6E","id":0,"resourceStatus":{"id":"","description":"","name":""},"title":"Twitter","source":[{"HumanSource":{"id":0,"lastName":"ETCENGINEER","description":"","reputation":"","name":"@ETCENGINEER","userName":"ETCENGINEER","firstName":"ETCENGINEER","urlSocialMedia":"https:\/\/twitter.com\/ETCENGINEER"}}],"description":null,"textName":"null","createDate":"Mon Jun 08 10:00:22 +0200 2015","publishDate":null,"resourceCategories":[]}},{"Image":{"credibility":true,"imageName":"CG9oEsgXEAABqAE.jpg","rawData":null,"lastUpdate":null,"link":"http:\/\/pbs.twimg.com\/media\/CG9oEsgXEAABqAE.jpg","url":"","creator":"","id":0,"resourceStatus":{"id":"","description":"","name":""},"title":"Twitter","source":[{"HumanSource":{"id":0,"lastName":"ETCENGINEER","description":"","reputation":"","name":"@ETCENGINEER","userName":"ETCENGINEER","firstName":"ETCENGINEER","urlSocialMedia":"https:\/\/twitter.com\/ETCENGINEER"}}],"description":null,"createDate":"Mon Jun 08 10:00:22 +0200 2015","publishDate":null,"resourceCategories":[]}},{"Text":{"credibility":true,"lastUpdate":null,"url":"","creator":"","content":"La sfilata in abiti d'epoca, legata al Corpus Domini, nonostante le difficoltà resiste al tempo con inossidabile tenacia. Il Corteo Stoico.","id":0,"resourceStatus":{"id":"","description":"","name":""},"title":"Twitter","source":[{"HumanSource":{"id":0,"lastName":"GianlucaForesi","description":"","reputation":"","name":"@GianlucaForesi","userName":"GianlucaForesi","firstName":"GianlucaForesi","urlSocialMedia":"https:\/\/twitter.com\/GianlucaForesi"}}],"description":null,"textName":"null","createDate":"Mon Jun 08 10:00:31 +0200 2015","publishDate":null,"resourceCategories":[]}}],"eventTag":[],"classified":[{"id":0,"description":"","name":"Assembramento","uri":"http:\/\/secure.eng.it\/ontologySecure\/category.owl#Assembramento"}],"severity":"high","entities":[],"related":[],"country":"","id":0,"administrative_area_level_2":"","administrative_area_level_1":"","description":"EVENTO COMPLESSO GENERATO DA: Evento prodotto dall'analisi dei tweets;","route":"","postal_code":0,"locality":"","radius":0.0,"street_number":0,"longitude":0.0,"latitude":0.0,"atTime":1433751877000,"circa":1433751877000}