{"credibility":false,"eventResource":[{"Text":{"credibility":true,"lastUpdate":null,"url":"","creator":"","content":".@RobertoMaroni_ @leonidafem @LombardiaOnLine @sortealex \nSecondo me devono sparare PRIMA !! Ne vedi uno e SPARI !\nBUM !\nMARONI ARMATO !!!","id":0,"resourceStatus":{"id":"","description":"","name":""},"title":"Twitter","source":[{"HumanSource":{"id":0,"lastName":"ilmentaIista","description":"","reputation":"","name":"@ilmentaIista","userName":"ilmentaIista","firstName":"ilmentaIista","urlSocialMedia":"https:\/\/twitter.com\/ilmentaIista"}}],"description":null,"textName":"null","createDate":"Fri Jun 12 12:34:21 +0200 2015","publishDate":null,"resourceCategories":[]}}],"eventTag":[],"classified":[{"id":0,"description":"","name":"Attacco","uri":"null"}],"severity":"high","entities":[],"related":[],"country":"","id":0,"administrative_area_level_2":"","administrative_area_level_1":"","description":"EVENTO COMPLESSO GENERATO DA: Evento prodotto dall'analisi dei tweets;","route":"","postal_code":0,"locality":"","radius":0.0,"street_number":0,"longitude":0.0,"latitude":0.0,"atTime":1434106956000,"circa":1434106956000}