{"credibility":false,"eventResource":[{"Text":{"credibility":true,"lastUpdate":null,"url":"","creator":"","content":"RT @stefaniami: Della serie \" Corteo pacifico \" dei centri sociali \" #Milano #Expo2015 http:\/\/t.co\/DONBGdGAkR","id":0,"resourceStatus":{"id":"","description":"","name":""},"title":"Twitter","source":[{"HumanSource":{"id":0,"lastName":"AndreaAndregard","description":"","reputation":"","name":"@AndreaAndregard","userName":"AndreaAndregard","firstName":"AndreaAndregard","urlSocialMedia":"https:\/\/twitter.com\/AndreaAndregard"}}],"description":null,"textName":"null","createDate":"Tue May 26 23:02:21 +0200 2015","publishDate":null,"resourceCategories":[]}},{"Image":{"credibility":true,"imageName":"CD_wf5bWEAAT7KB.jpg","rawData":null,"lastUpdate":null,"link":"http:\/\/pbs.twimg.com\/media\/CD_wf5bWEAAT7KB.jpg","url":"","creator":"","id":0,"resourceStatus":{"id":"","description":"","name":""},"title":"Twitter","source":[{"HumanSource":{"id":0,"lastName":"AndreaAndregard","description":"","reputation":"","name":"@AndreaAndregard","userName":"AndreaAndregard","firstName":"AndreaAndregard","urlSocialMedia":"https:\/\/twitter.com\/AndreaAndregard"}}],"description":null,"createDate":"Tue May 26 23:02:21 +0200 2015","publishDate":null,"resourceCategories":[]}}],"eventTag":[],"classified":[{"id":0,"description":"","name":"Assembramento","uri":"http:\/\/secure.eng.it\/ontologySecure\/category.owl#Assembramento"}],"severity":"high","entities":[],"related":[],"country":"","id":0,"administrative_area_level_2":"","administrative_area_level_1":"","description":"EVENTO COMPLESSO GENERATO DA: Evento prodotto dall'analisi dei tweets;","route":"","postal_code":0,"locality":"","radius":0.0,"street_number":0,"longitude":0.0,"latitude":0.0,"atTime":1432675769000,"circa":1432675769000}