{"credibility":false,"eventResource":[{"Text":{"credibility":true,"lastUpdate":null,"url":"","creator":"","content":"Tensione per il comizio del leghista Matteo Salvini: un ferito e un fermo http:\/\/t.co\/nW2F4ZxevB via @nazione_massa","id":0,"resourceStatus":{"id":"","description":"","name":""},"title":"Twitter","source":[{"HumanSource":{"id":0,"lastName":"giovajuve84","description":"","reputation":"","name":"@giovajuve84","userName":"giovajuve84","firstName":"giovajuve84","urlSocialMedia":"https:\/\/twitter.com\/giovajuve84"}}],"description":null,"textName":"null","createDate":"Sat May 16 15:44:14 +0200 2015","publishDate":null,"resourceCategories":[]}},{"Text":{"credibility":true,"lastUpdate":null,"url":"","creator":"","content":"Roma..vigili presi a sassate..mentre spegnevano un incendio in un campo nomadi..un ferito. #MovimentOnesti http:\/\/t.co\/R5NP6KXTJ1","id":0,"resourceStatus":{"id":"","description":"","name":""},"title":"Twitter","source":[{"HumanSource":{"id":0,"lastName":"ClaudioDeglinn2","description":"","reputation":"","name":"@ClaudioDeglinn2","userName":"ClaudioDeglinn2","firstName":"ClaudioDeglinn2","urlSocialMedia":"https:\/\/twitter.com\/ClaudioDeglinn2"}}],"description":null,"textName":"null","createDate":"Sat May 16 15:47:44 +0200 2015","publishDate":null,"resourceCategories":[]}},{"Image":{"credibility":true,"imageName":"CFIbgA2WgAAfkdk.jpg","rawData":null,"lastUpdate":null,"link":"http:\/\/pbs.twimg.com\/media\/CFIbgA2WgAAfkdk.jpg","url":"","creator":"","id":0,"resourceStatus":{"id":"","description":"","name":""},"title":"Twitter","source":[{"HumanSource":{"id":0,"lastName":"ClaudioDeglinn2","description":"","reputation":"","name":"@ClaudioDeglinn2","userName":"ClaudioDeglinn2","firstName":"ClaudioDeglinn2","urlSocialMedia":"https:\/\/twitter.com\/ClaudioDeglinn2"}}],"description":null,"createDate":"Sat May 16 15:47:44 +0200 2015","publishDate":null,"resourceCategories":[]}}],"eventTag":[],"classified":[{"id":0,"description":"","name":"Violenza Fisica","uri":"http:\/\/secure.eng.it\/ontologySecure\/category.owl#\/Violenza_Fisica"}],"severity":"High","entities":[],"related":[],"country":"","id":0,"administrative_area_level_2":"","administrative_area_level_1":"","description":"EVENTO COMPLESSO GENERATO DA: Evento prodotto dall'analisi dei tweets;","route":"","postal_code":0,"locality":"","radius":0.0,"street_number":0,"longitude":0.0,"latitude":0.0,"atTime":1432203385000,"circa":1432203385000}