{"credibility":false,"eventResource":[{"Text":{"credibility":true,"lastUpdate":null,"url":"","creator":"","content":"La comunità ebraica diserta il 25 aprile.\nNon sopporta la presenza al corteo dei palestinesi che pure la Resistenza la combattono da 67 anni","id":0,"resourceStatus":{"id":"","description":"","name":""},"title":"Twitter","source":[{"HumanSource":{"id":0,"lastName":"","description":"","reputation":"","name":"","userName":"francofontana43","firstName":"","urlSocialMedia":""}}],"description":null,"textName":"null","createDate":"Sat Apr 04 08:03:01 +0200 2015","publishDate":null,"resourceCategories":[]}},{"Text":{"credibility":true,"lastUpdate":null,"url":"","creator":"","content":"RT @francofontana43: La comunità ebraica diserta il 25 aprile.\nNon sopporta la presenza al corteo dei palestinesi che pure la Resistenza la\u2026","id":0,"resourceStatus":{"id":"","description":"","name":""},"title":"Twitter","source":[{"HumanSource":{"id":0,"lastName":"","description":"","reputation":"","name":"","userName":"Mi4Tsipras","firstName":"","urlSocialMedia":""}}],"description":null,"textName":"null","createDate":"Sat Apr 04 08:07:52 +0200 2015","publishDate":null,"resourceCategories":[]}},{"Text":{"credibility":true,"lastUpdate":null,"url":"","creator":"","content":"RT @francofontana43: La comunità ebraica diserta il 25 aprile.\nNon sopporta la presenza al corteo dei palestinesi che pure la Resistenza la\u2026","id":0,"resourceStatus":{"id":"","description":"","name":""},"title":"Twitter","source":[{"HumanSource":{"id":0,"lastName":"","description":"","reputation":"","name":"","userName":"Rosyfree74","firstName":"","urlSocialMedia":""}}],"description":null,"textName":"null","createDate":"Sat Apr 04 08:07:54 +0200 2015","publishDate":null,"resourceCategories":[]}},{"Text":{"credibility":true,"lastUpdate":null,"url":"","creator":"","content":"RT @francofontana43: La comunità ebraica diserta il 25 aprile.\nNon sopporta la presenza al corteo dei palestinesi che pure la Resistenza la\u2026","id":0,"resourceStatus":{"id":"","description":"","name":""},"title":"Twitter","source":[{"HumanSource":{"id":0,"lastName":"","description":"","reputation":"","name":"","userName":"frarai2003","firstName":"","urlSocialMedia":""}}],"description":null,"textName":"null","createDate":"Sat Apr 04 08:10:37 +0200 2015","publishDate":null,"resourceCategories":[]}},{"Text":{"credibility":true,"lastUpdate":null,"url":"","creator":"","content":"RT @francofontana43: La comunità ebraica diserta il 25 aprile.\nNon sopporta la presenza al corteo dei palestinesi che pure la Resistenza la\u2026","id":0,"resourceStatus":{"id":"","description":"","name":""},"title":"Twitter","source":[{"HumanSource":{"id":0,"lastName":"","description":"","reputation":"","name":"","userName":"Robin_Hood_8972","firstName":"","urlSocialMedia":""}}],"description":null,"textName":"null","createDate":"Sat Apr 04 08:10:39 +0200 2015","publishDate":null,"resourceCategories":[]}},{"Text":{"credibility":true,"lastUpdate":null,"url":"","creator":"","content":"RT @francofontana43: La comunità ebraica diserta il 25 aprile.\nNon sopporta la presenza al corteo dei palestinesi che pure la Resistenza la\u2026","id":0,"resourceStatus":{"id":"","description":"","name":""},"title":"Twitter","source":[{"HumanSource":{"id":0,"lastName":"","description":"","reputation":"","name":"","userName":"hans_rott","firstName":"","urlSocialMedia":""}}],"description":null,"textName":"null","createDate":"Sat Apr 04 08:12:54 +0200 2015","publishDate":null,"resourceCategories":[]}},{"Text":{"credibility":true,"lastUpdate":null,"url":"","creator":"","content":"RT @francofontana43: La comunità ebraica diserta il 25 aprile.\nNon sopporta la presenza al corteo dei palestinesi che pure la Resistenza la\u2026","id":0,"resourceStatus":{"id":"","description":"","name":""},"title":"Twitter","source":[{"HumanSource":{"id":0,"lastName":"","description":"","reputation":"","name":"","userName":"juve_nomade","firstName":"","urlSocialMedia":""}}],"description":null,"textName":"null","createDate":"Sat Apr 04 08:13:23 +0200 2015","publishDate":null,"resourceCategories":[]}}],"eventTag":[],"classified":[{"id":0,"description":"","name":"affollamento","uri":null}],"severity":"high","entities":[],"related":[],"country":"","id":0,"administrative_area_level_2":"","administrative_area_level_1":"","description":"","route":"","postal_code":0,"locality":"","radius":0.0,"street_number":0,"longitude":0.0,"latitude":0.0,"atTime":1429912800000,"circa":1429912800000}