{"credibility":false,"eventResource":[{"Text":{"credibility":true,"lastUpdate":null,"url":"","creator":"","content":"#Atene partito corteo spontaneo da quartiere #exarchia verso piazza syntagma per festeggiare la vittoria di #OXI @AteneCalling @DinamoPress","id":0,"resourceStatus":{"id":"","description":"","name":""},"title":"Twitter","source":[{"HumanSource":{"id":0,"lastName":"global_project","description":"","reputation":"","name":"@global_project","userName":"global_project","firstName":"global_project","urlSocialMedia":"https:\/\/twitter.com\/global_project"}}],"description":null,"textName":"null","createDate":"Sun Jul 05 20:21:02 +0200 2015","publishDate":null,"resourceCategories":[]}},{"Text":{"credibility":true,"lastUpdate":null,"url":"","creator":"","content":"RT @global_project: #Atene partito corteo spontaneo da quartiere #exarchia verso piazza syntagma per festeggiare la vittoria di #OXI @Atene\u2026","id":0,"resourceStatus":{"id":"","description":"","name":""},"title":"Twitter","source":[{"HumanSource":{"id":0,"lastName":"saturninox","description":"","reputation":"","name":"@saturninox","userName":"saturninox","firstName":"saturninox","urlSocialMedia":"https:\/\/twitter.com\/saturninox"}}],"description":null,"textName":"null","createDate":"Sun Jul 05 20:21:15 +0200 2015","publishDate":null,"resourceCategories":[]}},{"Text":{"credibility":true,"lastUpdate":null,"url":"","creator":"","content":"RT @global_project: #Atene partito corteo spontaneo da quartiere #exarchia verso piazza syntagma per festeggiare la vittoria di #OXI @Atene\u2026","id":0,"resourceStatus":{"id":"","description":"","name":""},"title":"Twitter","source":[{"HumanSource":{"id":0,"lastName":"skyro_apl","description":"","reputation":"","name":"@skyro_apl","userName":"skyro_apl","firstName":"skyro_apl","urlSocialMedia":"https:\/\/twitter.com\/skyro_apl"}}],"description":null,"textName":"null","createDate":"Sun Jul 05 20:21:32 +0200 2015","publishDate":null,"resourceCategories":[]}},{"Text":{"credibility":true,"lastUpdate":null,"url":"","creator":"","content":"RT @global_project: #Atene partito corteo spontaneo da quartiere #exarchia verso piazza syntagma per festeggiare la vittoria di #OXI @Atene\u2026","id":0,"resourceStatus":{"id":"","description":"","name":""},"title":"Twitter","source":[{"HumanSource":{"id":0,"lastName":"AteneCalling","description":"","reputation":"","name":"@AteneCalling","userName":"AteneCalling","firstName":"AteneCalling","urlSocialMedia":"https:\/\/twitter.com\/AteneCalling"}}],"description":null,"textName":"null","createDate":"Sun Jul 05 20:21:57 +0200 2015","publishDate":null,"resourceCategories":[]}},{"Text":{"credibility":true,"lastUpdate":null,"url":"","creator":"","content":"RT @global_project: #Atene partito corteo spontaneo da quartiere #exarchia verso piazza syntagma per festeggiare la vittoria di #OXI @Atene\u2026","id":0,"resourceStatus":{"id":"","description":"","name":""},"title":"Twitter","source":[{"HumanSource":{"id":0,"lastName":"bumby2011","description":"","reputation":"","name":"@bumby2011","userName":"bumby2011","firstName":"bumby2011","urlSocialMedia":"https:\/\/twitter.com\/bumby2011"}}],"description":null,"textName":"null","createDate":"Sun Jul 05 20:22:04 +0200 2015","publishDate":null,"resourceCategories":[]}},{"Text":{"credibility":true,"lastUpdate":null,"url":"","creator":"","content":"RT @global_project: #Atene partito corteo spontaneo da quartiere #exarchia verso piazza syntagma per festeggiare la vittoria di #OXI @Atene\u2026","id":0,"resourceStatus":{"id":"","description":"","name":""},"title":"Twitter","source":[{"HumanSource":{"id":0,"lastName":"csabruno","description":"","reputation":"","name":"@csabruno","userName":"csabruno","firstName":"csabruno","urlSocialMedia":"https:\/\/twitter.com\/csabruno"}}],"description":null,"textName":"null","createDate":"Sun Jul 05 20:22:19 +0200 2015","publishDate":null,"resourceCategories":[]}},{"Text":{"credibility":true,"lastUpdate":null,"url":"","creator":"","content":"RT @global_project: #Atene partito corteo spontaneo da quartiere #exarchia verso piazza syntagma per festeggiare la vittoria di #OXI @Atene\u2026","id":0,"resourceStatus":{"id":"","description":"","name":""},"title":"Twitter","source":[{"HumanSource":{"id":0,"lastName":"MrBeizanis","description":"","reputation":"","name":"@MrBeizanis","userName":"MrBeizanis","firstName":"MrBeizanis","urlSocialMedia":"https:\/\/twitter.com\/MrBeizanis"}}],"description":null,"textName":"null","createDate":"Sun Jul 05 20:22:34 +0200 2015","publishDate":null,"resourceCategories":[]}},{"Text":{"credibility":true,"lastUpdate":null,"url":"","creator":"","content":"RT @global_project: #Atene partito corteo spontaneo da quartiere #exarchia verso piazza syntagma per festeggiare la vittoria di #OXI @Atene\u2026","id":0,"resourceStatus":{"id":"","description":"","name":""},"title":"Twitter","source":[{"HumanSource":{"id":0,"lastName":"CarrieriLorenzo","description":"","reputation":"","name":"@CarrieriLorenzo","userName":"CarrieriLorenzo","firstName":"CarrieriLorenzo","urlSocialMedia":"https:\/\/twitter.com\/CarrieriLorenzo"}}],"description":null,"textName":"null","createDate":"Sun Jul 05 20:24:34 +0200 2015","publishDate":null,"resourceCategories":[]}},{"Text":{"credibility":true,"lastUpdate":null,"url":"","creator":"","content":"RT @global_project: #Atene partito corteo spontaneo da quartiere #exarchia verso piazza syntagma per festeggiare la vittoria di #OXI @Atene\u2026","id":0,"resourceStatus":{"id":"","description":"","name":""},"title":"Twitter","source":[{"HumanSource":{"id":0,"lastName":"MarinaDellaBell","description":"","reputation":"","name":"@MarinaDellaBell","userName":"MarinaDellaBell","firstName":"MarinaDellaBell","urlSocialMedia":"https:\/\/twitter.com\/MarinaDellaBell"}}],"description":null,"textName":"null","createDate":"Sun Jul 05 20:24:36 +0200 2015","publishDate":null,"resourceCategories":[]}},{"Text":{"credibility":true,"lastUpdate":null,"url":"","creator":"","content":"RT @global_project: #Atene partito corteo spontaneo da quartiere #exarchia verso piazza syntagma per festeggiare la vittoria di #OXI @Atene\u2026","id":0,"resourceStatus":{"id":"","description":"","name":""},"title":"Twitter","source":[{"HumanSource":{"id":0,"lastName":"loulouaubergine","description":"","reputation":"","name":"@loulouaubergine","userName":"loulouaubergine","firstName":"loulouaubergine","urlSocialMedia":"https:\/\/twitter.com\/loulouaubergine"}}],"description":null,"textName":"null","createDate":"Sun Jul 05 20:26:32 +0200 2015","publishDate":null,"resourceCategories":[]}},{"Text":{"credibility":true,"lastUpdate":null,"url":"","creator":"","content":"RT @global_project: #Atene partito corteo spontaneo da quartiere #exarchia verso piazza syntagma per festeggiare la vittoria di #OXI @Atene\u2026","id":0,"resourceStatus":{"id":"","description":"","name":""},"title":"Twitter","source":[{"HumanSource":{"id":0,"lastName":"TommasoCacciari","description":"","reputation":"","name":"@TommasoCacciari","userName":"TommasoCacciari","firstName":"TommasoCacciari","urlSocialMedia":"https:\/\/twitter.com\/TommasoCacciari"}}],"description":null,"textName":"null","createDate":"Sun Jul 05 20:26:53 +0200 2015","publishDate":null,"resourceCategories":[]}}],"eventTag":[],"classified":[{"id":0,"description":"","name":"Assembramento","uri":"http:\/\/secure.eng.it\/ontologySecure\/category.owl#Assembramento"}],"severity":"high","entities":[],"related":[],"country":"","id":0,"administrative_area_level_2":"","administrative_area_level_1":"","description":"EVENTO COMPLESSO GENERATO DA: Evento prodotto dall'analisi dei tweets;","route":"","postal_code":0,"locality":"","radius":0.0,"street_number":0,"longitude":0.0,"latitude":0.0,"atTime":1436122139000,"circa":1436122139000}