{"credibility":false,"eventResource":[{"Text":{"credibility":true,"lastUpdate":null,"url":"","creator":"","content":"RT @IsoleGrecheCom: ATENE CHIAMA, NAPOLI RISPONDE\nCORTEO CITTADINO A SOSTEGNO DEL POPOLO GRECO!\nLa fotocronaca ➡ https:\/\/t.co\/ECUbgpGLCC ht\u2026","id":0,"resourceStatus":{"id":"","description":"","name":""},"title":"Twitter","source":[{"HumanSource":{"id":0,"lastName":"mirco_scartoni","description":"","reputation":"","name":"@mirco_scartoni","userName":"mirco_scartoni","firstName":"mirco_scartoni","urlSocialMedia":"https:\/\/twitter.com\/mirco_scartoni"}}],"description":null,"textName":"null","createDate":"Fri Jul 03 22:48:09 +0200 2015","publishDate":null,"resourceCategories":[]}},{"Image":{"credibility":true,"imageName":"CJBFHIpWIAAc0I_.jpg","rawData":null,"lastUpdate":null,"link":"http:\/\/pbs.twimg.com\/media\/CJBFHIpWIAAc0I_.jpg","url":"","creator":"","id":0,"resourceStatus":{"id":"","description":"","name":""},"title":"Twitter","source":[{"HumanSource":{"id":0,"lastName":"mirco_scartoni","description":"","reputation":"","name":"@mirco_scartoni","userName":"mirco_scartoni","firstName":"mirco_scartoni","urlSocialMedia":"https:\/\/twitter.com\/mirco_scartoni"}}],"description":null,"createDate":"Fri Jul 03 22:48:09 +0200 2015","publishDate":null,"resourceCategories":[]}},{"Text":{"credibility":true,"lastUpdate":null,"url":"","creator":"","content":"RT @IsoleGrecheCom: ATENE CHIAMA, NAPOLI RISPONDE\nCORTEO CITTADINO A SOSTEGNO DEL POPOLO GRECO!\nLa fotocronaca ➡ https:\/\/t.co\/ECUbgpGLCC ht\u2026","id":0,"resourceStatus":{"id":"","description":"","name":""},"title":"Twitter","source":[{"HumanSource":{"id":0,"lastName":"283a9c29b22f411","description":"","reputation":"","name":"@283a9c29b22f411","userName":"283a9c29b22f411","firstName":"283a9c29b22f411","urlSocialMedia":"https:\/\/twitter.com\/283a9c29b22f411"}}],"description":null,"textName":"null","createDate":"Fri Jul 03 22:50:12 +0200 2015","publishDate":null,"resourceCategories":[]}},{"Image":{"credibility":true,"imageName":"CJBFHIpWIAAc0I_.jpg","rawData":null,"lastUpdate":null,"link":"http:\/\/pbs.twimg.com\/media\/CJBFHIpWIAAc0I_.jpg","url":"","creator":"","id":0,"resourceStatus":{"id":"","description":"","name":""},"title":"Twitter","source":[{"HumanSource":{"id":0,"lastName":"283a9c29b22f411","description":"","reputation":"","name":"@283a9c29b22f411","userName":"283a9c29b22f411","firstName":"283a9c29b22f411","urlSocialMedia":"https:\/\/twitter.com\/283a9c29b22f411"}}],"description":null,"createDate":"Fri Jul 03 22:50:12 +0200 2015","publishDate":null,"resourceCategories":[]}},{"Text":{"credibility":true,"lastUpdate":null,"url":"","creator":"","content":"RT @notizie_napoli: «Oxi», a Napoli manifestazione per il popolo greco http:\/\/t.co\/SEEIWgOEDx #napoli","id":0,"resourceStatus":{"id":"","description":"","name":""},"title":"Twitter","source":[{"HumanSource":{"id":0,"lastName":"Giuseppone25","description":"","reputation":"","name":"@Giuseppone25","userName":"Giuseppone25","firstName":"Giuseppone25","urlSocialMedia":"https:\/\/twitter.com\/Giuseppone25"}}],"description":null,"textName":"null","createDate":"Fri Jul 03 22:50:45 +0200 2015","publishDate":null,"resourceCategories":[]}}],"eventTag":[],"classified":[{"id":0,"description":"","name":"Assembramento","uri":"http:\/\/secure.eng.it\/ontologySecure\/category.owl#Assembramento"}],"severity":"high","entities":[],"related":[],"country":"","id":0,"administrative_area_level_2":"","administrative_area_level_1":"","description":"EVENTO COMPLESSO GENERATO DA: Evento prodotto dall'analisi dei tweets;","route":"","postal_code":0,"locality":"","radius":0.0,"street_number":0,"longitude":0.0,"latitude":0.0,"atTime":1435958052000,"circa":1435958052000}